Entity,Year,consumption_spell_1,consumption_spell_2,consumption_spell_3,consumption_spell_4,consumption_spell_5,consumption_spell_6,income_spell_1,income_spell_2,income_spell_3,income_spell_4,income_spell_5,income_spell_6,income_spell_7
Albania,1996,0.4774255823724058,,,,,,,,,,,,
Albania,2002,,1.0462764789364831,,,,,,,,,,,
Albania,2005,,0.5910701258215626,,,,,,,,,,,
Albania,2008,,0.1999108340679004,,,,,,,,,,,
Albania,2012,,0.5966071588032138,,,,,,,,,,,
Albania,2014,,,1.023085357951808,,,,,,,,,,
Albania,2015,,,0.1206302767067622,,,,,,,,,,
Albania,2016,,,0.1392857900331038,,,,,,,,,,
Albania,2017,,,0.3925585105327833,,,,,,,,,,
Albania,2018,,,,0.0481095292452909,,,,,,,,,
Albania,2019,,,,0.0,,,,,,,,,
Algeria,1988,6.420311320748542,,,,,,,,,,,,
Algeria,1995,,5.534778961441679,,,,,,,,,,,
Algeria,2011,,,0.3661367565560303,,,,,,,,,,
Angola,2000,13.551487401067993,,,,,,,,,,,,
Angola,2008,,12.650396605105286,,,,,,,,,,,
Angola,2018,,,22.314139984155037,,,,,,,,,,
Argentina - urban,1980,,,,,,,0.1830719887099191,,,,,,
Argentina - urban,1986,,,,,,,0.0168847759860286,,,,,,
Argentina - urban,1987,,,,,,,0.3980741761355422,,,,,,
Argentina - urban,1991,,,,,,,,0.4347491803558465,,,,,
Argentina - urban,1992,,,,,,,,0.6105837861693472,,,,,
Argentina - urban,1993,,,,,,,,0.9430635156072178,,,,,
Argentina - urban,1994,,,,,,,,0.6188775974875307,,,,,
Argentina - urban,1995,,,,,,,,2.086800500203446,,,,,
Argentina - urban,1996,,,,,,,,1.668802159699604,,,,,
Argentina - urban,1997,,,,,,,,1.7587653670545398,,,,,
Argentina - urban,1998,,,,,,,,2.326517598274865,,,,,
Argentina - urban,1999,,,,,,,,2.2256053951006094,,,,,
Argentina - urban,2000,,,,,,,,2.687483465741778,,,,,
Argentina - urban,2001,,,,,,,,4.36530946640575,,,,,
Argentina - urban,2002,,,,,,,,9.098059683367346,,,,,
Argentina - urban,2003,,,,,,,,,4.099739914104089,,,,
Argentina - urban,2004,,,,,,,,,3.038106115247893,,,,
Argentina - urban,2005,,,,,,,,,2.1018635989674115,,,,
Argentina - urban,2006,,,,,,,,,1.6029106305997596,,,,
Argentina - urban,2007,,,,,,,,,1.2661122630396593,,,,
Argentina - urban,2008,,,,,,,,,1.1961944813563716,,,,
Argentina - urban,2009,,,,,,,,,1.2273111555098657,,,,
Argentina - urban,2010,,,,,,,,,0.555854773147878,,,,
Argentina - urban,2011,,,,,,,,,0.4960282421905277,,,,
Argentina - urban,2012,,,,,,,,,0.3944538010560386,,,,
Argentina - urban,2013,,,,,,,,,0.4141573891042052,,,,
Argentina - urban,2014,,,,,,,,,0.405977321068787,,,,
Argentina - urban,2016,,,,,,,,,0.4380360749199573,,,,
Argentina - urban,2017,,,,,,,,,0.261453199221572,,,,
Argentina - urban,2018,,,,,,,,,0.5787201288428027,,,,
Argentina - urban,2019,,,,,,,,,0.5477536281157828,,,,
Argentina - urban,2020,,,,,,,,,0.8326149801696248,,,,
Armenia,1996,,,,,,,12.88802236465793,,,,,,
Armenia,1999,,11.25292163857793,,,,,,,,,,,
Armenia,2001,,13.454121466450497,,,,,,,,,,,
Armenia,2002,,9.517840615746469,,,,,,,,,,,
Armenia,2003,,7.466720654963753,,,,,,,,,,,
Armenia,2004,,4.963517028441554,,,,,,,,,,,
Armenia,2005,,2.5019941219523814,,,,,,,,,,,
Armenia,2006,,1.9756948329463435,,,,,,,,,,,
Armenia,2007,,1.4747929748705508,,,,,,,,,,,
Armenia,2008,,0.8532766545777208,,,,,,,,,,,
Armenia,2009,,1.2449387035186528,,,,,,,,,,,
Armenia,2010,,0.9057405622048896,,,,,,,,,,,
Armenia,2011,,1.1777359991322895,,,,,,,,,,,
Armenia,2012,,0.8191068770653195,,,,,,,,,,,
Armenia,2013,,1.6934055265870671,,,,,,,,,,,
Armenia,2014,,1.4096263463538528,,,,,,,,,,,
Armenia,2015,,1.0757602222344516,,,,,,,,,,,
Armenia,2016,,1.073788199296561,,,,,,,,,,,
Armenia,2017,,0.7812444287179828,,,,,,,,,,,
Armenia,2018,,1.322609266869959,,,,,,,,,,,
Armenia,2019,,,1.0300811974596715,,,,,,,,,,
Armenia,2020,,,0.3881232464260332,,,,,,,,,,
Australia,1981,,,,,,,0.4975480672606686,,,,,,
Australia,1985,,,,,,,,0.3330371874603376,,,,,
Australia,1989,,,,,,,,,0.2460450566181368,,,,
Australia,1995,,,,,,,,,0.2530544488711819,,,,
Australia,2001,,,,,,,,,0.0,,,,
Australia,2003,,,,,,,,,0.2574263397569287,,,,
Australia,2004,,,,,,,,,,0.2132615240915369,,,
Australia,2008,,,,,,,,,0.0,,,,
Australia,2010,,,,,,,,,,0.0,,,
Australia,2014,,,,,,,,,0.2545527317071799,,,,
Australia,2016,,,,,,,,,0.253992130183461,,,,
Australia,2018,,,,,,,,,0.0,,,,
Austria,1987,,,,,,,0.0,,,,,,
Austria,1994,,,,,,,,0.0,,,,,
Austria,1995,,,,,,,0.0,,,,,,
Austria,1997,,,,,,,,0.0,,,,,
Austria,2000,,,,,,,,0.2416131877338338,,,,,
Austria,2003,,,,,,,,,0.0427511287122958,,,,
Austria,2004,,,,,,,,,0.0101077268309731,,,,
Austria,2005,,,,,,,,,0.0467681085739628,,,,
Austria,2006,,,,,,,,,0.0328590877267497,,,,
Austria,2007,,,,,,,,,0.1097705294457094,,,,
Austria,2008,,,,,,,,,0.2671755174790686,,,,
Austria,2009,,,,,,,,,0.164239116716445,,,,
Austria,2010,,,,,,,,,0.1232871208900108,,,,
Austria,2011,,,,,,,,,0.0881710530345487,,,,
Austria,2012,,,,,,,,,0.1275327577455302,,,,
Austria,2013,,,,,,,,,0.0686217153353318,,,,
Austria,2014,,,,,,,,,0.0907287269568457,,,,
Austria,2015,,,,,,,,,0.116178985291516,,,,
Austria,2016,,,,,,,,,0.1080503459671352,,,,
Austria,2017,,,,,,,,,0.0861374612023371,,,,
Austria,2018,,,,,,,,,0.0873817278416057,,,,
Austria,2019,,,,,,,,,0.0998770259191524,,,,
Azerbaijan,1995,10.542756202137973,,,,,,,,,,,,
Azerbaijan,2001,,5.974874247953447,,,,,,,,,,,
Azerbaijan,2002,,0.079503668035169,,,,,,,,,,,
Azerbaijan,2003,,0.0505823344384935,,,,,,,,,,,
Azerbaijan,2004,,0.0,,,,,,,,,,,
Azerbaijan,2005,,0.0,,,,,,,,,,,
Bangladesh,1983,35.011112402253524,,,,,,,,,,,,
Bangladesh,1985,32.05535597853691,,,,,,,,,,,,
Bangladesh,1988,40.054548315524514,,,,,,,,,,,,
Bangladesh,1991,,39.61043521904183,,,,,,,,,,,
Bangladesh,1995,,32.36744437456606,,,,,,,,,,,
Bangladesh,2000,,,32.286768988814806,,,,,,,,,,
Bangladesh,2005,,,23.61540313030114,,,,,,,,,,
Bangladesh,2010,,,18.014963235784645,,,,,,,,,,
Bangladesh,2016,,,13.285676357082805,,,,,,,,,,
Belarus,1993,,,,,,,0.3905440446135139,,,,,,
Belarus,1995,,,,,,,0.9519581009337904,,,,,,
Belarus,1998,,19.84446328883456,,,,,,,,,,,
Belarus,1999,,16.98443701231647,,,,,,,,,,,
Belarus,2000,,12.402669042177,,,,,,,,,,,
Belarus,2001,,6.158452760821344,,,,,,,,,,,
Belarus,2002,,4.13066765272441,,,,,,,,,,,
Belarus,2003,,3.231949700865052,,,,,,,,,,,
Belarus,2004,,1.2407830262773036,,,,,,,,,,,
Belarus,2005,,0.8908915279159636,,,,,,,,,,,
Belarus,2006,,0.3535478260941992,,,,,,,,,,,
Belarus,2007,,0.2185869965054739,,,,,,,,,,,
Belarus,2008,,0.166519993471862,,,,,,,,,,,
Belarus,2009,,0.1290324888530091,,,,,,,,,,,
Belarus,2010,,0.0339419618812472,,,,,,,,,,,
Belarus,2011,,0.0065739111061366,,,,,,,,,,,
Belarus,2012,,0.0120569468973527,,,,,,,,,,,
Belarus,2013,,0.0,,,,,,,,,,,
Belarus,2014,,0.0,,,,,,,,,,,
Belarus,2015,,0.0,,,,,,,,,,,
Belarus,2016,,0.0,,,,,,,,,,,
Belarus,2017,,0.0,,,,,,,,,,,
Belarus,2018,,0.0,,,,,,,,,,,
Belarus,2019,,0.0,,,,,,,,,,,
Belarus,2020,,0.0,,,,,,,,,,,
Belgium,1985,,,,,,,0.0,,,,,,
Belgium,1988,,,,,,,0.0,,,,,,
Belgium,1992,,,,,,,0.2876012502740126,,,,,,
Belgium,1995,,,,,,,,0.0,,,,,
Belgium,1997,,,,,,,0.2526017201236195,,,,,,
Belgium,2000,,,,,,,,0.0,,,,,
Belgium,2003,,,,,,,,,0.1495740272411697,,,,
Belgium,2004,,,,,,,,,0.0354663795322909,,,,
Belgium,2005,,,,,,,,,0.0509609235646268,,,,
Belgium,2006,,,,,,,,,0.0407946258413239,,,,
Belgium,2007,,,,,,,,,0.0833262749748251,,,,
Belgium,2008,,,,,,,,,0.035172824431957,,,,
Belgium,2009,,,,,,,,,0.0517575475666033,,,,
Belgium,2010,,,,,,,,,0.0405118182720966,,,,
Belgium,2011,,,,,,,,,0.0959571178946254,,,,
Belgium,2012,,,,,,,,,0.016332142845567,,,,
Belgium,2013,,,,,,,,,0.0131727429602666,,,,
Belgium,2014,,,,,,,,,0.0072352205899211,,,,
Belgium,2015,,,,,,,,,0.0,,,,
Belgium,2016,,,,,,,,,0.0027710555656651,,,,
Belgium,2017,,,,,,,,,0.0,,,,
Belgium,2018,,,,,,,,,0.0166622123252414,,,,
Belgium,2019,,,,,,,,,0.026225130516373,,,,
Belize,1993,,,,,,,8.379000632511069,,,,,,
Belize,1994,,,,,,,10.175576039151323,,,,,,
Belize,1995,,10.879775031165142,,,,,,,,,,,
Belize,1996,,,,,,,,,12.722549845549002,,,,
Belize,1997,,,,,,,13.616157057429763,,,,,,
Belize,1998,,,,,,,13.864181230673015,,,,,,
Belize,1999,,,,,,,11.072102569681856,,,,,,
Benin,2003,43.007392006654825,,,,,,,,,,,,
Benin,2011,,42.13565217170715,,,,,,,,,,,
Benin,2015,,31.38245012605,,,,,,,,,,,
Benin,2018,,,18.81368232661024,,,,,,,,,,
Bhutan,2003,13.229963047910296,,,,,,,,,,,,
Bhutan,2007,,5.691312476217263,,,,,,,,,,,
Bhutan,2012,,1.7108477697546405,,,,,,,,,,,
Bhutan,2017,,0.918232262062361,,,,,,,,,,,
Bolivia,1997,,,,,,,,7.495023907543137,,,,,
Bolivia,1999,,,,,,,,,8.76253138826794,,,,
Bolivia,2000,,,,,,,,,8.079451003591,,,,
Bolivia,2001,,,,,,,,,,9.1020138821227,,,
Bolivia,2002,,,,,,,,,,,8.612779718036121,,
Bolivia,2004,,,,,,,,,,,6.677727001875831,,
Bolivia,2005,,,,,,,,,,,7.925727291603686,,
Bolivia,2006,,,,,,,,,,,6.532833076950341,,
Bolivia,2007,,,,,,,,,,,5.152599200831768,,
Bolivia,2008,,,,,,,,,,,4.839881511588232,,
Bolivia,2009,,,,,,,,,,,5.6404435501411765,,
Bolivia,2011,,,,,,,,,,,3.405411423201776,,
Bolivia,2012,,,,,,,,,,,3.6950273168070273,,
Bolivia,2013,,,,,,,,,,,3.134379112865933,,
Bolivia,2014,,,,,,,,,,,2.8336012542641087,,
Bolivia,2015,,,,,,,,,,,2.68067326774938,,
Bolivia,2016,,,,,,,,,,,3.316279033508699,,
Bolivia,2017,,,,,,,,,,,3.4110070059885533,,
Bolivia,2018,,,,,,,,,,,2.153113587958926,,
Bolivia,2019,,,,,,,,,,,1.607142888163416,,
Bolivia,2020,,,,,,,,,,,2.8824909113135933,,
Bolivia - urban,1990,,,,,,,1.9871453463868367,,,,,,
Bolivia - urban,1992,,,,,,,6.724778259142237,,,,,,
Bosnia and Herzegovina,2001,0.2675532563585171,,,,,,,,,,,,
Bosnia and Herzegovina,2004,0.1442274229224104,,,,,,,,,,,,
Bosnia and Herzegovina,2007,,0.058015446512974,,,,,,,,,,,
Bosnia and Herzegovina,2011,,0.0749759708159106,,,,,,,,,,,
Botswana,1985,26.84957249774445,,,,,,,,,,,,
Botswana,1993,24.18952048087713,,,,,,,,,,,,
Botswana,2002,,21.76762560005444,,,,,,,,,,,
Botswana,2009,,14.673597833626395,,,,,,,,,,,
Botswana,2015,,13.85329294445838,,,,,,,,,,,
Brazil,1981,,,,,,,16.657454503620436,,,,,,
Brazil,1982,,,,,,,17.20210802480052,,,,,,
Brazil,1983,,,,,,,20.878870926705662,,,,,,
Brazil,1984,,,,,,,20.94587206664597,,,,,,
Brazil,1985,,,,,,,18.142036120843635,,,,,,
Brazil,1986,,,,,,,9.156762255354767,,,,,,
Brazil,1987,,,,,,,13.852373859660595,,,,,,
Brazil,1988,,,,,,,14.856664815001835,,,,,,
Brazil,1989,,,,,,,13.633133384549218,,,,,,
Brazil,1990,,,,,,,16.3402268642172,,,,,,
Brazil,1992,,,,,,,14.90527363839692,,,,,,
Brazil,1993,,,,,,,14.359140097252462,,,,,,
Brazil,1995,,,,,,,10.354188676181602,,,,,,
Brazil,1996,,,,,,,10.80340027021405,,,,,,
Brazil,1997,,,,,,,10.824716983314406,,,,,,
Brazil,1998,,,,,,,10.108402053033428,,,,,,
Brazil,1999,,,,,,,10.548077917544791,,,,,,
Brazil,2001,,,,,,,9.00975327040443,,,,,,
Brazil,2002,,,,,,,8.488946903873682,,,,,,
Brazil,2003,,,,,,,8.9007701940612,,,,,,
Brazil,2004,,,,,,,8.05487615465975,,,,,,
Brazil,2005,,,,,,,7.373297284563192,,,,,,
Brazil,2006,,,,,,,5.992625617686189,,,,,,
Brazil,2007,,,,,,,5.280731868060373,,,,,,
Brazil,2008,,,,,,,4.609187270083884,,,,,,
Brazil,2009,,,,,,,4.277599928886231,,,,,,
Brazil,2011,,,,,,,3.577896069940492,,,,,,
Brazil,2012,,,,,,,,3.443392165718224,,,,,
Brazil,2013,,,,,,,,2.993370278773686,,,,,
Brazil,2014,,,,,,,,2.7059847543552955,,,,,
Brazil,2015,,,,,,,,3.1391934179037406,,,,,
Brazil,2016,,,,,,,,3.561507644706237,,,,,
Brazil,2017,,,,,,,,3.955965781797069,,,,,
Brazil,2018,,,,,,,,3.966116851861648,,,,,
Brazil,2019,,,,,,,,3.942181929350903,,,,,
Brazil,2020,,,,,,,,1.5265501608540886,,,,,
Bulgaria,1989,0.0244114772469711,,,,,,,,,,,,
Bulgaria,1992,,,,,,,,0.0,,,,,
Bulgaria,1994,0.1220452293342962,,,,,,,,,,,,
Bulgaria,1995,,,,1.0179433497258588,,,,,,,,,
Bulgaria,1997,,,0.4637714705895092,,,,,,,,,,
Bulgaria,2001,,,,2.520444761748512,,,,,,,,,
Bulgaria,2003,,,,,0.9304560438422718,,,,,,,,
Bulgaria,2006,,,,,,,,,,,,3.681347060961013,
Bulgaria,2007,,,,,0.368492438642245,,,,,,,,
Bulgaria,2008,,,,,,,,,,,,0.976275001297954,
Bulgaria,2009,,,,,,,,,,,,1.209291279414726,
Bulgaria,2010,,,,,,,,,,,,1.6129727963887712,
Bulgaria,2011,,,,,,,,,,,,1.7270731518789038,
Bulgaria,2012,,,,,,,,,,,,1.8147965038609957,
Bulgaria,2013,,,,,,,,,,,,1.189740286285902,
Bulgaria,2014,,,,,,,,,,,,1.267175881077606,
Bulgaria,2015,,,,,,,,,,,,,2.2245918112742133
Bulgaria,2016,,,,,,,,,,,,,1.448029987280827
Bulgaria,2017,,,,,,,,,,,,,0.9817908472180472
Bulgaria,2018,,,,,,,,,,,,,0.7694052002857779
Bulgaria,2019,,,,,,,,,,,,,0.7257559426132862
Burkina Faso,1994,29.34329294182172,,,,,,,,,,,,
Burkina Faso,1998,,39.46021241125448,,,,,,,,,,,
Burkina Faso,2003,,38.82646374953535,,,,,,,,,,,
Burkina Faso,2009,,,42.08031015980479,,,,,,,,,,
Burkina Faso,2014,,,,38.25505462318981,,,,,,,,,
Burkina Faso,2018,,,,,28.34406316979205,,,,,,,,
Burundi,1992,50.103235050001146,,,,,,,,,,,,
Burundi,1998,,40.921474581784295,,,,,,,,,,,
Burundi,2006,,56.03781620300085,,,,,,,,,,,
Burundi,2013,,47.56692188570131,,,,,,,,,,,
Cameroon,1996,40.997337878428254,,,,,,,,,,,,
Cameroon,2001,,23.36819029048441,,,,,,,,,,,
Cameroon,2007,,28.76060121462126,,,,,,,,,,,
Cameroon,2014,,20.833787257152224,,,,,,,,,,,
Canada,1971,,,,,,,0.5015200779235728,,,,,,
Canada,1975,,,,,,,0.2506041171787485,,,,,,
Canada,1981,,,,,,,0.2731556494049234,,,,,,
Canada,1987,,,,,,,0.2210983558908004,,,,,,
Canada,1991,,,,,,,0.0,,,,,,
Canada,1994,,,,,,,0.0,,,,,,
Canada,1997,,,,,,,0.2581125333328339,,,,,,
Canada,1998,,,,,,,,0.2521690059612657,,,,,
Canada,2000,,,,,,,,0.0,,,,,
Canada,2004,,,,,,,,0.0,,,,,
Canada,2007,,,,,,,,0.2482530266555485,,,,,
Canada,2010,,,,,,,,0.2488318665001376,,,,,
Canada,2012,,,,,,,,0.2465214401175403,,,,,
Canada,2013,,,,,,,,0.2534906268155184,,,,,
Canada,2014,,,,,,,,0.2421591743307606,,,,,
Canada,2015,,,,,,,,0.2459043392207716,,,,,
Canada,2016,,,,,,,,0.2487130321181245,,,,,
Canada,2017,,,,,,,,0.2470112773751039,,,,,
Cape Verde,2001,17.027043775433153,,,,,,,,,,,,
Cape Verde,2007,,9.679897782839053,,,,,,,,,,,
Cape Verde,2015,,,4.350726073865152,,,,,,,,,,
Central African Republic,1992,20.42337954796441,,,,,,,,,,,,
Central African Republic,2008,,33.933960286125604,,,,,,,,,,,
Chad,2003,40.71171772129739,,,,,,,,,,,,
Chad,2011,25.475880322168475,,,,,,,,,,,,
Chad,2018,,27.787820524292744,,,,,,,,,,,
Chile,1987,,,,,,,11.962658617469373,,,,,,
Chile,1990,,,,,,,8.442126804863749,,,,,,
Chile,1992,,,,,,,5.521006182443529,,,,,,
Chile,1994,,,,,,,5.157095555904113,,,,,,
Chile,1996,,,,,,,3.605393625868191,,,,,,
Chile,1998,,,,,,,3.4216586538846725,,,,,,
Chile,2000,,,,,,,4.256935867060783,,,,,,
Chile,2003,,,,,,,3.722807994044537,,,,,,
Chile,2006,,,,,,,,1.682747147315416,,,,,
Chile,2009,,,,,,,,1.2839312896270705,,,,,
Chile,2011,,,,,,,,0.7023611571452578,,,,,
Chile,2013,,,,,,,,0.3871095661608156,,,,,
Chile,2015,,,,,,,,0.2862818233441421,,,,,
Chile,2017,,,,,,,,0.1742081331598308,,,,,
Chile,2020,,,,,,,,0.3354116917219308,,,,,
China,1981,,,,,,,43.50219401641035,,,,,,
China,1984,,,,,,,56.08383758107684,,,,,,
China,1987,,,,,,,49.87277643249526,,,,,,
China,1990,,52.26891828204213,,,,,,,,,,,
China,1993,,46.80293269067581,,,,,,,,,,,
China,1996,,39.20802554309885,,,,,,,,,,,
China,1999,,35.89728370325727,,,,,,,,,,,
China,2002,,29.00692986566698,,,,,,,,,,,
China,2005,,20.16013983063848,,,,,,,,,,,
China,2008,,16.30408151556443,,,,,,,,,,,
China,2010,,13.147556449291883,,,,,,,,,,,
China,2011,,9.69786466523176,,,,,,,,,,,
China,2012,,8.141563443829892,,,,,,,,,,,
China,2013,,,2.759297042340307,,,,,,,,,,
China,2014,,,1.944119808143688,,,,,,,,,,
China,2015,,,1.0993284101285636,,,,,,,,,,
China,2016,,,0.7785610935372066,,,,,,,,,,
China,2017,,,0.6268838251988411,,,,,,,,,,
China,2018,,,0.3963107730474207,,,,,,,,,,
China,2019,,,0.1360372084432905,,,,,,,,,,
China - rural,1981,,,,,,,37.61582267437801,,,,,,
China - rural,1984,,,,,,,56.78327832562334,,,,,,
China - rural,1987,,,,,,,55.55604436874605,,,,,,
China - rural,1990,,57.84712467907721,,,,,,,,,,,
China - rural,1993,,55.50201969444324,,,,,,,,,,,
China - rural,1996,,49.11463679247089,,,,,,,,,,,
China - rural,1999,,47.57655776069967,,,,,,,,,,,
China - rural,2002,,42.95370787879296,,,,,,,,,,,
China - rural,2005,,32.46969260176252,,,,,,,,,,,
China - rural,2008,,29.04692380532965,,,,,,,,,,,
China - rural,2010,,24.995000009842368,,,,,,,,,,,
China - rural,2011,,18.91711437607876,,,,,,,,,,,
China - rural,2012,,16.341945760743936,,,,,,,,,,,
China - rural,2013,,,5.156439148571502,,,,,,,,,,
China - rural,2014,,,3.56984244793817,,,,,,,,,,
China - rural,2015,,,2.013757298615378,,,,,,,,,,
China - rural,2016,,,1.5194714170517951,,,,,,,,,,
China - rural,2017,,,1.238765871955583,,,,,,,,,,
China - rural,2018,,,0.8055029306705824,,,,,,,,,,
China - rural,2019,,,0.2440916966556494,,,,,,,,,,
China - urban,1981,,,,,,,66.87504998755087,,,,,,
China - urban,1984,,,,,,,53.63307004842245,,,,,,
China - urban,1987,,,,,,,32.12858268983589,,,,,,
China - urban,1990,,36.75111684510116,,,,,,,,,,,
China - urban,1993,,25.61133200202508,,,,,,,,,,,
China - urban,1996,,18.07499758526433,,,,,,,,,,,
China - urban,1999,,14.077994357336255,,,,,,,,,,,
China - urban,2002,,6.65760374573902,,,,,,,,,,,
China - urban,2005,,3.5210241948063445,,,,,,,,,,,
China - urban,2008,,1.6659264169925443,,,,,,,,,,,
China - urban,2010,,0.9275488840286376,,,,,,,,,,,
China - urban,2011,,0.6651501812221787,,,,,,,,,,,
China - urban,2012,,0.5003881232186661,,,,,,,,,,,
China - urban,2013,,,0.6346386338023219,,,,,,,,,,
China - urban,2014,,,0.5736157562038834,,,,,,,,,,
China - urban,2015,,,0.366137679720217,,,,,,,,,,
China - urban,2016,,,0.213580279241596,,,,,,,,,,
China - urban,2017,,,0.183068882420499,,,,,,,,,,
China - urban,2018,,,0.1137390719307416,,,,,,,,,,
China - urban,2019,,,0.0649206278729857,,,,,,,,,,
Colombia,1992,,,,,,,,5.450636338346401,,,,,
Colombia,1996,,,,,,,,9.066298719991243,,,,,
Colombia,1999,,,,,,,,10.968941935310502,,,,,
Colombia,2000,,,,,,,,7.278840644951365,,,,,
Colombia,2001,,,,,,,,,11.48917939000132,,,,
Colombia,2002,,,,,,,,,10.637874946823102,,,,
Colombia,2003,,,,,,,,,9.641631330845875,,,,
Colombia,2004,,,,,,,,,9.524143160821572,,,,
Colombia,2005,,,,,,,,,8.19769520680948,,,,
Colombia,2008,,,,,,,,,,7.642571777019766,,,
Colombia,2009,,,,,,,,,,6.972092145408361,,,
Colombia,2010,,,,,,,,,,6.18357166165602,,,
Colombia,2011,,,,,,,,,,5.130889300199132,,,
Colombia,2012,,,,,,,,,,4.913338198223745,,,
Colombia,2013,,,,,,,,,,4.371871148282504,,,
Colombia,2014,,,,,,,,,,3.923461793088213,,,
Colombia,2015,,,,,,,,,,3.583388255051218,,,
Colombia,2016,,,,,,,,,,3.5370800253276347,,,
Colombia,2017,,,,,,,,,,3.1170146443321305,,,
Colombia,2018,,,,,,,,,,3.1785389340089747,,,
Colombia,2019,,,,,,,,,,3.8251376758380102,,,
Colombia,2020,,,,,,,,,,5.829936840844162,,,
Colombia - urban,1980,,,,,,,13.449461753010029,,,,,,
Colombia - urban,1988,,,,,,,,11.203811484764689,,,,,
Colombia - urban,1989,,,,,,,,11.54554347277714,,,,,
Colombia - urban,1991,,,,,,,,10.42272099572395,,,,,
Comoros,2004,13.123922107060933,,,,,,,,,,,,
Comoros,2014,,14.438430845810457,,,,,,,,,,,
Congo,2005,34.31308872342334,,,,,,,,,,,,
Congo,2011,25.17583112202896,,,,,,,,,,,,
Costa Rica,1981,,,,,,,15.476017401906589,,,,,,
Costa Rica,1986,,,,,,,8.715859293406803,,,,,,
Costa Rica,1989,,,,,,,,5.274801210260562,,,,,
Costa Rica,1990,,,,,,,,5.352986886090947,,,,,
Costa Rica,1991,,,,,,,,7.510985817669311,,,,,
Costa Rica,1992,,,,,,,,5.530917914818843,,,,,
Costa Rica,1993,,,,,,,,4.374880274519037,,,,,
Costa Rica,1994,,,,,,,,3.776133483326293,,,,,
Costa Rica,1995,,,,,,,,3.9286153471249943,,,,,
Costa Rica,1996,,,,,,,,4.667762923343798,,,,,
Costa Rica,1997,,,,,,,,4.00540259729085,,,,,
Costa Rica,1998,,,,,,,,3.193123465880875,,,,,
Costa Rica,1999,,,,,,,,4.171972817409047,,,,,
Costa Rica,2000,,,,,,,,4.270071767672319,,,,,
Costa Rica,2001,,,,,,,,3.1652865068910483,,,,,
Costa Rica,2002,,,,,,,,2.765890207129031,,,,,
Costa Rica,2003,,,,,,,,3.067780357262504,,,,,
Costa Rica,2004,,,,,,,,3.232685373037114,,,,,
Costa Rica,2005,,,,,,,,2.4958091277012,,,,,
Costa Rica,2006,,,,,,,,2.31103039268232,,,,,
Costa Rica,2007,,,,,,,,1.2694380862302497,,,,,
Costa Rica,2008,,,,,,,,1.6912148735313814,,,,,
Costa Rica,2009,,,,,,,,1.5685046183820832,,,,,
Costa Rica,2010,,,,,,,,,0.8554255270110288,,,,
Costa Rica,2011,,,,,,,,,1.2606068611720136,,,,
Costa Rica,2012,,,,,,,,,1.1989753419526394,,,,
Costa Rica,2013,,,,,,,,,1.1998664729695276,,,,
Costa Rica,2014,,,,,,,,,1.0782856034649946,,,,
Costa Rica,2015,,,,,,,,,1.0998379679050625,,,,
Costa Rica,2016,,,,,,,,,0.9973596422045764,,,,
Costa Rica,2017,,,,,,,,,0.8846141025524475,,,,
Costa Rica,2018,,,,,,,,,1.078360129318406,,,,
Costa Rica,2019,,,,,,,,,0.7345131638825168,,,,
Costa Rica,2020,,,,,,,,,1.527861370986201,,,,
Cote d'Ivoire,1985,6.5967790136198055,,,,,,,,,,,,
Cote d'Ivoire,1986,4.326228831927141,,,,,,,,,,,,
Cote d'Ivoire,1987,8.8547144619257,,,,,,,,,,,,
Cote d'Ivoire,1988,12.370537750321324,,,,,,,,,,,,
Cote d'Ivoire,1992,,22.73927314947643,,,,,,,,,,,
Cote d'Ivoire,1995,,23.87416575168635,,,,,,,,,,,
Cote d'Ivoire,1998,,26.04864315878083,,,,,,,,,,,
Cote d'Ivoire,2002,,,24.270351011595658,,,,,,,,,,
Cote d'Ivoire,2008,,,25.740417212089955,,,,,,,,,,
Cote d'Ivoire,2015,,,26.493372900232963,,,,,,,,,,
Cote d'Ivoire,2018,,,,11.014787612509457,,,,,,,,,
Croatia,1998,,0.0,,,,,,,,,,,
Croatia,1999,,,0.0976377903898797,,,,,,,,,,
Croatia,2000,,,0.0488328676083219,,,,,,,,,,
Croatia,2001,,,0.0488180178721856,,,,,,,,,,
Croatia,2004,,0.0,,,,,,,,,,,
Croatia,2008,,0.0,,,,,,,,,,,
Croatia,2009,,0.0344236397958645,,,,,,,,,,,
Croatia,2010,,0.0,,,,,,,,,,,
Croatia,2011,,,,,,,,,,0.3158886722537052,,,
Croatia,2012,,,,,,,,,,0.357206627303015,,,
Croatia,2013,,,,,,,,,,0.3742049759745132,,,
Croatia,2014,,,,,,,,,,0.5162574742431617,,,
Croatia,2015,,,,,,,,,,0.2559232506201821,,,
Croatia,2016,,,,,,,,,,0.2944650770695023,,,
Croatia,2017,,,,,,,,,,0.2256014077721806,,,
Croatia,2018,,,,,,,,,,0.2136089864508006,,,
Croatia,2019,,,,,,,,,,0.0621363541211334,,,
Cyprus,2004,,,,,,,0.0466147405508654,,,,,,
Cyprus,2005,,,,,,,0.0,,,,,,
Cyprus,2006,,,,,,,0.0181729838509126,,,,,,
Cyprus,2007,,,,,,,0.0,,,,,,
Cyprus,2008,,,,,,,0.0,,,,,,
Cyprus,2009,,,,,,,0.0207633443190852,,,,,,
Cyprus,2010,,,,,,,0.014560266470852,,,,,,
Cyprus,2011,,,,,,,0.0039116778697713,,,,,,
Cyprus,2012,,,,,,,0.0042289034981842,,,,,,
Cyprus,2013,,,,,,,0.0750962088216626,,,,,,
Cyprus,2014,,,,,,,0.0124099949926104,,,,,,
Cyprus,2015,,,,,,,0.0267875523154006,,,,,,
Cyprus,2016,,,,,,,0.0254659717361896,,,,,,
Cyprus,2017,,,,,,,0.0305166209623755,,,,,,
Cyprus,2018,,,,,,,0.0,,,,,,
Cyprus,2019,,,,,,,0.0,,,,,,
Czechia,1992,,,,,,,0.0,,,,,,
Czechia,1993,,,,,,,0.0160989675072883,,,,,,
Czechia,1996,,,,,,,0.0,,,,,,
Czechia,2002,,,,,,,0.0,,,,,,
Czechia,2004,,,,,,,,0.0,,,,,
Czechia,2005,,,,,,,,0.0026343581410872,,,,,
Czechia,2006,,,,,,,,0.0622527506603489,,,,,
Czechia,2007,,,,,,,,0.075591125514476,,,,,
Czechia,2008,,,,,,,,0.0123644591902068,,,,,
Czechia,2009,,,,,,,,0.0120356922907225,,,,,
Czechia,2010,,,,,,,,0.036173875187242,,,,,
Czechia,2011,,,,,,,,0.0220177269855207,,,,,
Czechia,2012,,,,,,,,0.0,,,,,
Czechia,2013,,,,,,,,0.0297595496863691,,,,,
Czechia,2014,,,,,,,,0.0,,,,,
Czechia,2015,,,,,,,,0.0,,,,,
Czechia,2016,,,,,,,,0.0,,,,,
Czechia,2017,,,,,,,,0.0,,,,,
Czechia,2018,,,,,,,,0.004703700721209,,,,,
Czechia,2019,,,,,,,,0.0,,,,,
Democratic Republic of Congo,2004,24.52498092619988,,,,,,,,,,,,
Democratic Republic of Congo,2012,40.34067929341074,,,,,,,,,,,,
Denmark,1987,,,,,,,0.0,,,,,,
Denmark,1992,,,,,,,0.0,,,,,,
Denmark,1995,,,,,,,0.0,,,,,,
Denmark,2000,,,,,,,0.0,,,,,,
Denmark,2003,,,,,,,,0.1452906499382069,,,,,
Denmark,2004,,,,,,,,0.097177863800376,,,,,
Denmark,2005,,,,,,,,0.1552007664271827,,,,,
Denmark,2006,,,,,,,,0.1375138120734074,,,,,
Denmark,2007,,,,,,,,0.0139157489291281,,,,,
Denmark,2008,,,,,,,,0.0694441789850446,,,,,
Denmark,2009,,,,,,,,0.3735586659291575,,,,,
Denmark,2010,,,,,,,,0.0572851765322568,,,,,
Denmark,2011,,,,,,,,0.0,,,,,
Denmark,2012,,,,,,,,0.0,,,,,
Denmark,2013,,,,,,,,0.0683534546811965,,,,,
Denmark,2014,,,,,,,,0.085993115943634,,,,,
Denmark,2015,,,,,,,,0.0,,,,,
Denmark,2016,,,,,,,,0.0738476364391821,,,,,
Denmark,2017,,,,,,,,0.0316913501868176,,,,,
Denmark,2018,,,,,,,,0.0252173246645112,,,,,
Denmark,2019,,,,,,,,0.0159775124681352,,,,,
Djibouti,2002,19.247951996594136,,,,,,,,,,,,
Djibouti,2012,,12.483182358524472,,,,,,,,,,,
Djibouti,2013,,,19.513503966960112,,,,,,,,,,
Djibouti,2017,,,,15.4620273276136,,,,,,,,,
Dominican Republic,1986,,,,,,,5.540879619376601,,,,,,
Dominican Republic,1989,,,,,,,,16.158872183663703,,,,,
Dominican Republic,1992,,,,,,,,,6.620984811845139,,,,
Dominican Republic,1996,,,,,,,,,,4.940784124668071,,,
Dominican Republic,1997,,,,,,,,,,5.162691586408255,,,
Dominican Republic,2000,,,,,,,,,,5.455786862892747,,,
Dominican Republic,2001,,,,,,,,,,,4.43573423996165,,
Dominican Republic,2002,,,,,,,,,,,5.744487032282273,,
Dominican Republic,2003,,,,,,,,,,,6.819348956653191,,
Dominican Republic,2004,,,,,,,,,,,9.46099836379836,,
Dominican Republic,2005,,,,,,,,,,,,6.359946542157409,
Dominican Republic,2006,,,,,,,,,,,,5.525378305204399,
Dominican Republic,2007,,,,,,,,,,,,5.270463534291566,
Dominican Republic,2008,,,,,,,,,,,,4.83463925391192,
Dominican Republic,2009,,,,,,,,,,,,4.282805749265721,
Dominican Republic,2010,,,,,,,,,,,,3.5449185399206637,
Dominican Republic,2011,,,,,,,,,,,,3.59304118251106,
Dominican Republic,2012,,,,,,,,,,,,3.413985175184243,
Dominican Republic,2013,,,,,,,,,,,,2.710438638621385,
Dominican Republic,2014,,,,,,,,,,,,3.033659407180314,
Dominican Republic,2015,,,,,,,,,,,,2.338101525286493,
Dominican Republic,2016,,,,,,,,,,,,1.6601014566822132,
Dominican Republic,2017,,,,,,,,,,,,,0.7691063092551768
Dominican Republic,2018,,,,,,,,,,,,,0.7626882360806715
Dominican Republic,2019,,,,,,,,,,,,,0.7126017917754955
Dominican Republic,2020,,,,,,,,,,,,,0.8124795352171258
Ecuador,1994,,,,,,,,10.664231857979289,,,,,
Ecuador,1999,,,,,,,,,,13.107247332425716,,,
Ecuador,2000,,,,,,,,,,,19.59171123882325,,
Ecuador,2003,,,,,,,,,,,10.454230834878746,,
Ecuador,2004,,,,,,,,,,,10.204524877559413,,
Ecuador,2005,,,,,,,,,,,8.392112767984642,,
Ecuador,2006,,,,,,,,,,,6.287475428324394,,
Ecuador,2007,,,,,,,,,,,,6.21011189129912,
Ecuador,2008,,,,,,,,,,,,5.19788466221878,
Ecuador,2009,,,,,,,,,,,,5.560519092062682,
Ecuador,2010,,,,,,,,,,,,4.355799309764752,
Ecuador,2011,,,,,,,,,,,,3.3717192172467847,
Ecuador,2012,,,,,,,,,,,,3.4040237173098093,
Ecuador,2013,,,,,,,,,,,,2.6176521201086898,
Ecuador,2014,,,,,,,,,,,,2.1386759840499825,
Ecuador,2015,,,,,,,,,,,,2.598355714049734,
Ecuador,2016,,,,,,,,,,,,2.862329026125339,
Ecuador,2017,,,,,,,,,,,,2.633718343537069,
Ecuador,2018,,,,,,,,,,,,2.7712189845694533,
Ecuador,2019,,,,,,,,,,,,3.1077164698255526,
Ecuador,2020,,,,,,,,,,,,5.478284379240336,
Ecuador - urban,1987,,,,,,,11.41688665643088,,,,,,
Ecuador - urban,1995,,,,,,,,,8.307030723201638,,,,
Ecuador - urban,1998,,,,,,,,,,11.433316621920085,,,
Egypt,1990,5.241871136665776,,,,,,,,,,,,
Egypt,1995,2.9840219687401865,,,,,,,,,,,,
Egypt,1999,,1.3058909608004468,,,,,,,,,,,
Egypt,2004,,,3.0887272086894484,,,,,,,,,,
Egypt,2008,,,2.87002947822106,,,,,,,,,,
Egypt,2010,,,,1.0373140355405968,,,,,,,,,
Egypt,2012,,,,0.8900776003954537,,,,,,,,,
Egypt,2015,,,,0.8764957357461011,,,,,,,,,
Egypt,2017,,,,2.4925367516571257,,,,,,,,,
El Salvador,1989,,,,,,,9.71486410819658,,,,,,
El Salvador,1991,,,,,,,,12.58058960838158,,,,,
El Salvador,1995,,,,,,,,8.482301644351475,,,,,
El Salvador,1996,,,,,,,,10.29915413915394,,,,,
El Salvador,1998,,,,,,,,10.042199027073195,,,,,
El Salvador,1999,,,,,,,,8.818146075662714,,,,,
El Salvador,2000,,,,,,,,8.449302216568471,,,,,
El Salvador,2001,,,,,,,,8.839124542074481,,,,,
El Salvador,2002,,,,,,,,8.966479983106733,,,,,
El Salvador,2003,,,,,,,,8.55996963668289,,,,,
El Salvador,2004,,,,,,,,7.171734258817647,,,,,
El Salvador,2005,,,,,,,,7.995556601285764,,,,,
El Salvador,2006,,,,,,,,6.644197325556243,,,,,
El Salvador,2007,,,,,,,,4.582438693637699,,,,,
El Salvador,2008,,,,,,,,6.989257745768879,,,,,
El Salvador,2009,,,,,,,,6.737523462577939,,,,,
El Salvador,2010,,,,,,,,5.788375156879737,,,,,
El Salvador,2011,,,,,,,,5.01099175002862,,,,,
El Salvador,2012,,,,,,,,4.255439551825111,,,,,
El Salvador,2013,,,,,,,,3.3989533481560072,,,,,
El Salvador,2014,,,,,,,,3.286098891777192,,,,,
El Salvador,2015,,,,,,,,2.2007484125600127,,,,,
El Salvador,2016,,,,,,,,2.512752635759739,,,,,
El Salvador,2017,,,,,,,,2.033429532676573,,,,,
El Salvador,2018,,,,,,,,1.740438018047764,,,,,
El Salvador,2019,,,,,,,,1.3692153930782285,,,,,
Estonia,1993,,,,,,,1.0434848955377318,,,,,,
Estonia,1995,,0.524768312597363,,,,,,,,,,,
Estonia,1998,,0.1625358184793053,,,,,,,,,,,
Estonia,2000,,,1.3756053214601445,,,,,,,,,,
Estonia,2001,,,1.0583417079996973,,,,,,,,,,
Estonia,2002,,,1.2149200710479573,,,,,,,,,,
Estonia,2003,,,1.0588595774483482,,,,,,,,,,
Estonia,2004,,,0.5094124986239037,,,,,,,,,,
Estonia,2005,,,,,,,,,,0.5799486999686295,,,
Estonia,2006,,,,,,,,,,0.3633029157787661,,,
Estonia,2007,,,,,,,,,,0.1921413014291255,,,
Estonia,2008,,,,,,,,,,0.1652843114524826,,,
Estonia,2009,,,,,,,,,,0.3602057676384304,,,
Estonia,2010,,,,,,,,,,0.3084549090294598,,,
Estonia,2011,,,,,,,,,,0.4265356072859091,,,
Estonia,2012,,,,,,,,,,0.3958581563715321,,,
Estonia,2013,,,,,,,,,,0.2141127787089045,,,
Estonia,2014,,,,,,,,,,0.3481813098828872,,,
Estonia,2015,,,,,,,,,,0.2517851889187149,,,
Estonia,2016,,,,,,,,,,0.1920519231792307,,,
Estonia,2017,,,,,,,,,,0.100805839451519,,,
Estonia,2018,,,,,,,,,,0.0543882382219963,,,
Estonia,2019,,,,,,,,,,0.2707819289802231,,,
Eswatini,1994,24.085797832137168,,,,,,,,,,,,
Eswatini,2000,,39.407936091152855,,,,,,,,,,,
Eswatini,2009,,32.68297111385563,,,,,,,,,,,
Eswatini,2016,,27.49951974606685,,,,,,,,,,,
Ethiopia,1995,,48.05566921246856,,,,,,,,,,,
Ethiopia,1999,,47.351942265428434,,,,,,,,,,,
Ethiopia,2004,,33.33903829211799,,,,,,,,,,,
Ethiopia,2010,,27.750986473499385,,,,,,,,,,,
Ethiopia,2015,,23.633575583778057,,,,,,,,,,,
Ethiopia - rural,1981,56.03127059980155,,,,,,,,,,,,
Fiji,2002,1.6505224732814314,,,,,,,,,,,,
Fiji,2008,1.0271412280743262,,,,,,,,,,,,
Fiji,2013,0.3635620065572861,,,,,,,,,,,,
Fiji,2019,,1.3182689012365794,,,,,,,,,,,
Finland,1987,,,,,,,0.0,,,,,,
Finland,1991,,,,,,,0.0,,,,,,
Finland,1995,,,,,,,0.0,,,,,,
Finland,2000,,,,,,,0.0,,,,,,
Finland,2003,,,,,,,,0.0123345151192764,,,,,
Finland,2004,,,,,,,,0.0148044096483436,,,,,
Finland,2005,,,,,,,,0.0123520423568306,,,,,
Finland,2006,,,,,,,,0.013444055638642,,,,,
Finland,2007,,,,,,,,0.0185300034791026,,,,,
Finland,2008,,,,,,,,0.0404072797845597,,,,,
Finland,2009,,,,,,,,0.0127555057988851,,,,,
Finland,2010,,,,,,,,0.0253199864562311,,,,,
Finland,2011,,,,,,,,0.0106156482078113,,,,,
Finland,2012,,,,,,,,0.0036941461267524,,,,,
Finland,2013,,,,,,,,0.0252437409128048,,,,,
Finland,2014,,,,,,,,0.0251212484747813,,,,,
Finland,2015,,,,,,,,0.0132675588476459,,,,,
Finland,2016,,,,,,,,0.0164686096471841,,,,,
Finland,2017,,,,,,,,0.0030499904324704,,,,,
Finland,2018,,,,,,,,0.0136705028079829,,,,,
Finland,2019,,,,,,,,0.0009055336436536,,,,,
France,1978,,,,,,,0.5056309470223598,,,,,,
France,1984,,,,,,,0.5089507154847978,,,,,,
France,1989,,,,,,,0.2522963374702941,,,,,,
France,1994,,,,,,,0.0,,,,,,
France,2000,,,,,,,0.0,,,,,,
France,2003,,,,,,,,0.1336350877373368,,,,,
France,2004,,,,,,,,0.0290391974305166,,,,,
France,2005,,,,,,,,0.0142024239689939,,,,,
France,2006,,,,,,,,0.0120336913178363,,,,,
France,2007,,,,,,,,0.0029711216813824,,,,,
France,2008,,,,,,,,0.0021281560340392,,,,,
France,2009,,,,,,,,0.0310939915574867,,,,,
France,2010,,,,,,,,0.0512383183085372,,,,,
France,2011,,,,,,,,0.0257840233908595,,,,,
France,2012,,,,,,,,0.0283430592721447,,,,,
France,2013,,,,,,,,0.0013121473556632,,,,,
France,2014,,,,,,,,0.0118243938919895,,,,,
France,2015,,,,,,,,0.0912210012004519,,,,,
France,2016,,,,,,,,0.0120780939973356,,,,,
France,2017,,,,,,,,0.0135001005708178,,,,,
France,2018,,,,,,,,0.0035379012198307,,,,,
Gabon,2005,5.055625471935565,,,,,,,,,,,,
Gabon,2017,,2.2460156178867616,,,,,,,,,,,
Gambia,1998,34.56382397885834,,,,,,,,,,,,
Gambia,2003,,35.50404331258513,,,,,,,,,,,
Gambia,2010,,,25.279012535697376,,,,,,,,,,
Gambia,2015,,,,12.54657551321757,,,,,,,,,
Georgia,1996,6.76730564536938,,,,,,,,,,,,
Georgia,1997,,14.484082785103976,,,,,,,,,,,
Georgia,1998,,,12.438333709978329,,,,,,,,,,
Georgia,1999,,,16.810313307636502,,,,,,,,,,
Georgia,2000,,,17.131752695706858,,,,,,,,,,
Georgia,2001,,,17.640886883206917,,,,,,,,,,
Georgia,2002,,,10.748281708124766,,,,,,,,,,
Georgia,2003,,,10.73897649033235,,,,,,,,,,
Georgia,2004,,,10.13973834707461,,,,,,,,,,
Georgia,2005,,,10.45632905732243,,,,,,,,,,
Georgia,2006,,,10.422676116337016,,,,,,,,,,
Georgia,2007,,,12.239343570910828,,,,,,,,,,
Georgia,2008,,,10.656838638111092,,,,,,,,,,
Georgia,2009,,,10.26009465661743,,,,,,,,,,
Georgia,2010,,,11.946644765422093,,,,,,,,,,
Georgia,2011,,,10.831821929320864,,,,,,,,,,
Georgia,2012,,,9.349149367878882,,,,,,,,,,
Georgia,2013,,,7.257318297384274,,,,,,,,,,
Georgia,2014,,,5.518234861728218,,,,,,,,,,
Georgia,2015,,,4.481922950138459,,,,,,,,,,
Georgia,2016,,,4.52334738652262,,,,,,,,,,
Georgia,2017,,,5.578749379024271,,,,,,,,,,
Georgia,2018,,,4.981472134138046,,,,,,,,,,
Georgia,2019,,,4.586199360726592,,,,,,,,,,
Georgia,2020,,,5.164539579967689,,,,,,,,,,
Germany,1991,,,,,,,,,0.0,,,,
Germany,1992,,,,,,,,,0.0,,,,
Germany,1993,,,,,,,,,0.0,,,,
Germany,1994,,,,,,,,,0.0,,,,
Germany,1995,,,,,,,,,0.2424286544251649,,,,
Germany,1996,,,,,,,,,0.0,,,,
Germany,1997,,,,,,,,,0.0,,,,
Germany,1998,,,,,,,,,0.0,,,,
Germany,1999,,,,,,,,,0.0,,,,
Germany,2000,,,,,,,,,0.0,,,,
Germany,2001,,,,,,,,,0.0,,,,
Germany,2002,,,,,,,,,0.0,,,,
Germany,2003,,,,,,,,,0.0,,,,
Germany,2004,,,,,,,,,0.0,,,,
Germany,2005,,,,,,,,,0.0,,,,
Germany,2006,,,,,,,,,0.0,,,,
Germany,2007,,,,,,,,,0.0,,,,
Germany,2008,,,,,,,,,0.0,,,,
Germany,2009,,,,,,,,,0.0,,,,
Germany,2010,,,,,,,,,0.0,,,,
Germany,2011,,,,,,,,,0.0,,,,
Germany,2012,,,,,,,,,0.0,,,,
Germany,2013,,,,,,,,,0.0,,,,
Germany,2014,,,,,,,,,0.0,,,,
Germany,2015,,,,,,,,,0.0,,,,
Germany,2016,,,,,,,,,0.0,,,,
Germany,2017,,,,,,,,,0.233553111447231,,,,
Germany,2018,,,,,,,,,0.0,,,,
Ghana,1987,45.87008830638619,,,,,,,,,,,,
Ghana,1988,45.66958152503537,,,,,,,,,,,,
Ghana,1991,,44.83280464196284,,,,,,,,,,,
Ghana,1998,,38.31451805805027,,,,,,,,,,,
Ghana,2005,,31.05340503316854,,,,,,,,,,,
Ghana,2012,,20.85157460321319,,,,,,,,,,,
Ghana,2016,,18.51991017327573,,,,,,,,,,,
Greece,1995,,,,,,,0.7461641580083151,,,,,,
Greece,2000,,,,,,,0.0,,,,,,
Greece,2003,,,,,,,,0.1220252066467363,,,,,
Greece,2004,,,,,,,,0.1370954513501925,,,,,
Greece,2005,,,,,,,,0.1378316847957562,,,,,
Greece,2006,,,,,,,,0.2949993838677894,,,,,
Greece,2007,,,,,,,,0.1109112544330786,,,,,
Greece,2008,,,,,,,,0.0611581263894291,,,,,
Greece,2009,,,,,,,,0.1089671511261754,,,,,
Greece,2010,,,,,,,,0.2527752723345143,,,,,
Greece,2011,,,,,,,,0.2629290009751552,,,,,
Greece,2012,,,,,,,,0.9796730849792724,,,,,
Greece,2013,,,,,,,,0.7245004222900955,,,,,
Greece,2014,,,,,,,,0.7567561017012484,,,,,
Greece,2015,,,,,,,,0.6026218008271599,,,,,
Greece,2016,,,,,,,,0.519433469150947,,,,,
Greece,2017,,,,,,,,0.4642165516981028,,,,,
Greece,2018,,,,,,,,0.0162957162857096,,,,,
Greece,2019,,,,,,,,0.3029123873696997,,,,,
Guatemala,1986,,,,,,,26.528500401176025,,,,,,
Guatemala,1989,,,,,,,19.72309773058013,,,,,,
Guatemala,1998,,,,,,,,10.300677652933606,,,,,
Guatemala,2000,,,,,,,,,7.0874886893698665,,,,
Guatemala,2006,,,,,,,,,9.443228921097106,,,,
Guatemala,2014,,,,,,,,,8.139920801321495,,,,
Guinea,1991,26.62267847764691,,,,,,,,,,,,
Guinea,1994,,31.624832176948303,,,,,,,,,,,
Guinea,2002,,,38.30157824114552,,,,,,,,,,
Guinea,2007,,,,37.63152096954884,,,,,,,,,
Guinea,2012,,,,21.75761394633437,,,,,,,,,
Guinea,2018,,,,,13.281401790774696,,,,,,,,
Guinea-Bissau,1993,,33.81549729208057,,,,,,,,,,,
Guinea-Bissau,2002,,,42.95948675678821,,,,,,,,,,
Guinea-Bissau,2010,,,,40.042873946787175,,,,,,,,,
Guinea-Bissau,2018,,,,,21.03666214232057,,,,,,,,
Guyana,1992,,,,,,,22.90594659869943,,,,,,
Guyana,1998,,,,,,,6.651427873989424,,,,,,
Haiti,2001,,,,,,,30.430175599182697,,,,,,
Haiti,2012,,23.140416052331684,,,,,,,,,,,
Honduras,1989,,,,,,,,23.400127443144907,,,,,
Honduras,1990,,,,,,,,,23.436492871675632,,,,
Honduras,1991,,,,,,,,,,21.63204208846596,,,
Honduras,1992,,,,,,,,,,20.463243017634834,,,
Honduras,1993,,,,,,,,,,15.761428113812508,,,
Honduras,1994,,,,,,,,,,16.647993528167124,,,
Honduras,1995,,,,,,,,,,18.860450410841807,,,
Honduras,1996,,,,,,,,,,18.19579309234301,,,
Honduras,1997,,,,,,,,,,14.8254859979913,,,
Honduras,1998,,,,,,,,,,13.737015515870752,,,
Honduras,1999,,,,,,,,,,14.361355230618685,,,
Honduras,2001,,,,,,,,,,,13.110760329814724,,
Honduras,2002,,,,,,,,,,,14.453217057446336,,
Honduras,2003,,,,,,,,,,,16.693274426169484,,
Honduras,2004,,,,,,,,,,,15.943436680148832,,
Honduras,2005,,,,,,,,,,,13.856622793834331,,
Honduras,2006,,,,,,,,,,,12.044452041740591,,
Honduras,2007,,,,,,,,,,,11.325488056635573,,
Honduras,2008,,,,,,,,,,,10.540643319001298,,
Honduras,2009,,,,,,,,,,,9.556116101771856,,
Honduras,2010,,,,,,,,,,,10.655443538279142,,
Honduras,2011,,,,,,,,,,,,10.080194135604852,
Honduras,2012,,,,,,,,,,,,11.401714121970787,
Honduras,2013,,,,,,,,,,,,11.054081343643547,
Honduras,2014,,,,,,,,,,,,10.650143335232707,
Honduras,2015,,,,,,,,,,,,10.378349206795113,
Honduras,2016,,,,,,,,,,,,10.592900672801056,
Honduras,2017,,,,,,,,,,,,10.545214898352064,
Honduras,2018,,,,,,,,,,,,10.926158925511835,
Honduras,2019,,,,,,,,,,,,9.964883443300227,
Honduras - urban,1986,,,,,,,27.4103520119576,,,,,,
Hungary,1987,,,,,,,0.0244140509977582,,,,,,
Hungary,1989,,,,,,,0.0610205253546674,,,,,,
Hungary,1991,,,,,,,,0.6839898201168373,,,,,
Hungary,1993,,,,,,,0.0854354849127537,,,,,,
Hungary,1994,,,,,,,,0.745986191134308,,,,,
Hungary,1998,,,,0.046967974698463,,,,,,,,,
Hungary,1999,,,,0.0712964943692472,,,,,,,,,
Hungary,2000,,,,0.0608854926725381,,,,,,,,,
Hungary,2001,,,,0.0,,,,,,,,,
Hungary,2002,,,,0.0,,,,,,,,,
Hungary,2003,,,,0.0181350567132682,,,,,,,,,
Hungary,2004,,,,0.0,,,,,,,,,
Hungary,2005,,,,0.0,,,,,,,,,
Hungary,2006,,,,0.0,,,,,,,,,
Hungary,2007,,,,0.0,,,,,,,,,
Hungary,2008,,,,,,,,,,,0.0174334252357098,,
Hungary,2009,,,,,,,,,,,0.0435713109806288,,
Hungary,2010,,,,,,,,,,,0.0658998484303486,,
Hungary,2011,,,,,,,,,,,0.066698576886431,,
Hungary,2012,,,,,,,,,,,0.1776346468001873,,
Hungary,2013,,,,,,,,,,,0.174849455407324,,
Hungary,2014,,,,,,,,,,,0.1988046786347455,,
Hungary,2015,,,,,,,,,,,0.3200234724517699,,
Hungary,2016,,,,,,,,,,,0.7438743520368762,,
Hungary,2017,,,,,,,,,,,0.2418582165079036,,
Hungary,2018,,,,,,,,,,,0.0760672223106513,,
Hungary,2019,,,,,,,,,,,0.2232799629030017,,
Iceland,2003,,,,,,,0.0,,,,,,
Iceland,2004,,,,,,,0.0626553544649643,,,,,,
Iceland,2005,,,,,,,0.0370702379909279,,,,,,
Iceland,2006,,,,,,,0.0829542237525594,,,,,,
Iceland,2007,,,,,,,0.0580936302420674,,,,,,
Iceland,2008,,,,,,,0.0,,,,,,
Iceland,2009,,,,,,,0.0373627546711292,,,,,,
Iceland,2010,,,,,,,0.0317569118446992,,,,,,
Iceland,2011,,,,,,,0.034794711203897,,,,,,
Iceland,2012,,,,,,,0.0,,,,,,
Iceland,2013,,,,,,,0.0,,,,,,
Iceland,2014,,,,,,,0.0,,,,,,
Iceland,2015,,,,,,,0.0344603479286005,,,,,,
Iceland,2016,,,,,,,0.0,,,,,,
Iceland,2017,,,,,,,0.0,,,,,,
India,1977,52.13777017214388,,,,,,,,,,,,
India,1983,,48.177834756153096,,,,,,,,,,,
India,1987,,,46.44164552600115,,,,,,,,,,
India,1993,,,,44.40189545209422,,,,,,,,,
India,2004,,,,38.15460301353195,,,,,,,,,
India,2009,,,,31.69492145376057,,,,,,,,,
India,2011,,,,22.01724782054384,,,,,,,,,
India,2015,,,,,,18.10932693393121,,,,,,,
India,2016,,,,,,17.46177363865967,,,,,,,
India,2017,,,,,,12.92140647492325,,,,,,,
India,2018,,,,,,10.683305099667656,,,,,,,
India,2019,,,,,,9.775676026856312,,,,,,,
India - rural,1977,56.04721063326687,,,,,,,,,,,,
India - rural,1983,,52.284027584087326,,,,,,,,,,,
India - rural,1987,,,50.3317283894554,,,,,,,,,,
India - rural,1993,,,,49.66115529258342,,,,,,,,,
India - rural,2004,,,,43.358427336692,,,,,,,,,
India - rural,2009,,,,36.56370805131118,,,,,,,,,
India - rural,2011,,,,25.67565953490979,,,,,,,,,
India - rural,2015,,,,,,21.339684629507808,,,,,,,
India - rural,2016,,,,,,19.323510802860845,,,,,,,
India - rural,2017,,,,,,14.094819587631791,,,,,,,
India - rural,2018,,,,,,11.386809708769205,,,,,,,
India - rural,2019,,,,,,11.739944152614266,,,,,,,
India - urban,1977,38.298003080106966,,,,,,,,,,,,
India - urban,1983,,35.08819571606654,,,,,,,,,,,
India - urban,1987,,,34.6604442098564,,,,,,,,,,
India - urban,1993,,,,29.58074622670221,,,,,,,,,
India - urban,2004,,,,25.353983752342725,,,,,,,,,
India - urban,2009,,,,20.645878262611937,,,,,,,,,
India - urban,2011,,,,13.978474113148142,,,,,,,,,
India - urban,2015,,,,,,11.48412221681064,,,,,,,
India - urban,2016,,,,,,13.712826806247048,,,,,,,
India - urban,2017,,,,,,10.602518658939236,,,,,,,
India - urban,2018,,,,,,9.319502817711824,,,,,,,
India - urban,2019,,,,,,6.041788765269681,,,,,,,
Indonesia,1984,51.75765512990558,,,,,,,,,,,,
Indonesia,1987,55.99114320564546,,,,,,,,,,,,
Indonesia,1990,53.2950951064816,,,,,,,,,,,,
Indonesia,1993,,53.95593039653346,,,,,,,,,,,
Indonesia,1996,,46.46325714722588,,,,,,,,,,,
Indonesia,1998,,56.44870408957466,,,,,,,,,,,
Indonesia,1999,,43.289652697406176,,,,,,,,,,,
Indonesia,2000,,,41.60187555024181,,,,,,,,,,
Indonesia,2001,,,38.54801656685519,,,,,,,,,,
Indonesia,2002,,,26.408401097563605,,,,,,,,,,
Indonesia,2003,,,25.9870432353129,,,,,,,,,,
Indonesia,2004,,,26.200300739412448,,,,,,,,,,
Indonesia,2005,,,,23.69289762968553,,,,,,,,,
Indonesia,2006,,,,28.66104619264906,,,,,,,,,
Indonesia,2007,,,,24.574617757005328,,,,,,,,,
Indonesia,2008,,,,24.149989029376616,,,,,,,,,
Indonesia,2009,,,,20.58071870874962,,,,,,,,,
Indonesia,2010,,,,17.968767993989402,,,,,,,,,
Indonesia,2011,,,,,15.487053418971596,,,,,,,,
Indonesia,2012,,,,,13.650366284049866,,,,,,,,
Indonesia,2013,,,,,11.107590048715176,,,,,,,,
Indonesia,2014,,,,,9.2431387284871,,,,,,,,
Indonesia,2015,,,,,,8.219945149154924,,,,,,,
Indonesia,2016,,,,,,7.464382077828525,,,,,,,
Indonesia,2017,,,,,,6.585380006675886,,,,,,,
Indonesia,2018,,,,,,5.41194317197743,,,,,,,
Indonesia,2019,,,,,,4.373581598814719,,,,,,,
Indonesia,2020,,,,,,3.82691884588644,,,,,,,
Indonesia,2021,,,,,,3.546501877459268,,,,,,,
Indonesia - rural,1984,55.536217548824126,,,,,,,,,,,,
Indonesia - rural,1987,60.1747299117046,,,,,,,,,,,,
Indonesia - rural,1990,60.82935538021924,,,,,,,,,,,,
Indonesia - rural,1993,,63.283462342252975,,,,,,,,,,,
Indonesia - rural,1996,,57.30089378640649,,,,,,,,,,,
Indonesia - rural,1998,,64.39449859593135,,,,,,,,,,,
Indonesia - rural,1999,,52.83943561717521,,,,,,,,,,,
Indonesia - rural,2000,,,51.12284869075452,,,,,,,,,,
Indonesia - rural,2001,,,49.29810704365388,,,,,,,,,,
Indonesia - rural,2002,,,37.473161034575206,,,,,,,,,,
Indonesia - rural,2003,,,36.34101420989613,,,,,,,,,,
Indonesia - rural,2004,,,37.16563640664201,,,,,,,,,,
Indonesia - rural,2005,,,,34.10134532151753,,,,,,,,,
Indonesia - rural,2006,,,,40.00349583897487,,,,,,,,,
Indonesia - rural,2007,,,,34.79605454101748,,,,,,,,,
Indonesia - rural,2008,,,,33.17272373060741,,,,,,,,,
Indonesia - rural,2009,,,,28.28979633666357,,,,,,,,,
Indonesia - rural,2010,,,,24.86925045834847,,,,,,,,,
Indonesia - rural,2011,,,,,21.25329297249105,,,,,,,,
Indonesia - rural,2012,,,,,18.730064173067294,,,,,,,,
Indonesia - rural,2013,,,,,14.807008005952197,,,,,,,,
Indonesia - rural,2014,,,,,11.907759635349514,,,,,,,,
Indonesia - rural,2015,,,,,,10.13271744499738,,,,,,,
Indonesia - rural,2016,,,,,,9.444454263460806,,,,,,,
Indonesia - rural,2017,,,,,,8.360053247376257,,,,,,,
Indonesia - rural,2018,,,,,,7.138992484626717,,,,,,,
Indonesia - rural,2019,,,,,,5.88270697122968,,,,,,,
Indonesia - rural,2020,,,,,,5.071376656767859,,,,,,,
Indonesia - rural,2021,,,,,,4.620968919834366,,,,,,,
Indonesia - urban,1984,40.56805703402984,,,,,,,,,,,,
Indonesia - urban,1987,45.14477733377005,,,,,,,,,,,,
Indonesia - urban,1990,36.19470907679646,,,,,,,,,,,,
Indonesia - urban,1993,,35.69374397036417,,,,,,,,,,,
Indonesia - urban,1996,,28.194847883988576,,,,,,,,,,,
Indonesia - urban,1998,,44.32581476280543,,,,,,,,,,,
Indonesia - urban,1999,,29.42851467739644,,,,,,,,,,,
Indonesia - urban,2000,,,28.45494457026109,,,,,,,,,,
Indonesia - urban,2001,,,24.171092953433728,,,,,,,,,,
Indonesia - urban,2002,,,12.076632686311775,,,,,,,,,,
Indonesia - urban,2003,,,12.998126185844177,,,,,,,,,,
Indonesia - urban,2004,,,12.878641663437444,,,,,,,,,,
Indonesia - urban,2005,,,,11.445718286025668,,,,,,,,,
Indonesia - urban,2006,,,,15.735343069670824,,,,,,,,,
Indonesia - urban,2007,,,,13.293085553525492,,,,,,,,,
Indonesia - urban,2008,,,,14.5056395634482,,,,,,,,,
Indonesia - urban,2009,,,,12.59989108338782,,,,,,,,,
Indonesia - urban,2010,,,,11.044507849016496,,,,,,,,,
Indonesia - urban,2011,,,,,9.856434833467311,,,,,,,,
Indonesia - urban,2012,,,,,8.823485108072498,,,,,,,,
Indonesia - urban,2013,,,,,7.6865808014680574,,,,,,,,
Indonesia - urban,2014,,,,,6.84530897904582,,,,,,,,
Indonesia - urban,2015,,,,,,6.544902266514488,,,,,,,
Indonesia - urban,2016,,,,,,5.776906112374829,,,,,,,
Indonesia - urban,2017,,,,,,5.1132444098783525,,,,,,,
Indonesia - urban,2018,,,,,,4.017348896048005,,,,,,,
Indonesia - urban,2019,,,,,,3.1871188676972317,,,,,,,
Indonesia - urban,2020,,,,,,2.8742794793665856,,,,,,,
Indonesia - urban,2021,,,,,,2.745480973041301,,,,,,,
Iran,1986,8.488292074283079,,,,,,,,,,,,
Iran,1990,7.591253426786955,,,,,,,,,,,,
Iran,1994,4.289914040803156,,,,,,,,,,,,
Iran,1998,4.442470589713886,,,,,,,,,,,,
Iran,2005,,0.9791155959565292,,,,,,,,,,,
Iran,2006,,0.821135289589833,,,,,,,,,,,
Iran,2009,,1.2579295176445588,,,,,,,,,,,
Iran,2013,,0.2613269745704618,,,,,,,,,,,
Iran,2014,,0.7704925771794765,,,,,,,,,,,
Iran,2015,,0.709641140430143,,,,,,,,,,,
Iran,2016,,0.6787668557249724,,,,,,,,,,,
Iran,2017,,0.620579982459752,,,,,,,,,,,
Iran,2018,,0.8171348814729118,,,,,,,,,,,
Iran,2019,,0.9941289332536828,,,,,,,,,,,
Iraq,2006,0.0351827323426548,,,,,,,,,,,,
Iraq,2012,0.0887519264652518,,,,,,,,,,,,
Ireland,1987,,,,,,,0.4522808531049076,,,,,,
Ireland,1994,,,,,,,,0.0,,,,,
Ireland,1995,,,,,,,,0.0,,,,,
Ireland,1996,,,,,,,,0.2240268755274899,,,,,
Ireland,2000,,,,,,,,0.1782835686357575,,,,,
Ireland,2002,,,,,,,,,0.2350489464888514,,,,
Ireland,2003,,,,,,,,,,0.0620789932043394,,,
Ireland,2004,,,,,,,,,,0.0239542319388776,,,
Ireland,2005,,,,,,,,,,0.0088222977686557,,,
Ireland,2006,,,,,,,,,,0.3393633129609268,,,
Ireland,2007,,,,,,,,,,0.0511713953036889,,,
Ireland,2008,,,,,,,,,,0.0587810254226264,,,
Ireland,2009,,,,,,,,,,0.1364826502769892,,,
Ireland,2010,,,,,,,,,,0.2614823399643214,,,
Ireland,2011,,,,,,,,,,0.1895161748125143,,,
Ireland,2012,,,,,,,,,,0.2337411211094691,,,
Ireland,2013,,,,,,,,,,0.2251170894343546,,,
Ireland,2014,,,,,,,,,,0.0801891045872032,,,
Ireland,2015,,,,,,,,,,0.0950667987818689,,,
Ireland,2016,,,,,,,,,,0.0491448026269442,,,
Ireland,2017,,,,,,,,,,0.0577652563096633,,,
Ireland,2018,,,,,,,,,,0.0,,,
Israel,1979,,,,,,,0.0,,,,,,
Israel,1986,,,,,,,0.2354966271225866,,,,,,
Israel,1992,,,,,,,0.2153230528986922,,,,,,
Israel,1997,,,,,,,0.0,,,,,,
Israel,2001,,,,,,,0.2489827612983382,,,,,,
Israel,2002,,,,,,,0.2461339421613394,,,,,,
Israel,2003,,,,,,,0.2393829319700435,,,,,,
Israel,2004,,,,,,,0.254971361433397,,,,,,
Israel,2005,,,,,,,0.0,,,,,,
Israel,2006,,,,,,,0.2249599500971121,,,,,,
Israel,2007,,,,,,,0.2451080068522722,,,,,,
Israel,2008,,,,,,,0.2638600043782837,,,,,,
Israel,2009,,,,,,,0.2499465640696804,,,,,,
Israel,2010,,,,,,,0.0,,,,,,
Israel,2011,,,,,,,0.0,,,,,,
Israel,2012,,,,,,,0.5444030086593767,,,,,,
Israel,2013,,,,,,,0.2159191016812457,,,,,,
Israel,2014,,,,,,,0.2628990834621517,,,,,,
Israel,2015,,,,,,,0.2718105989188673,,,,,,
Israel,2016,,,,,,,0.2413994851392464,,,,,,
Israel,2017,,,,,,,0.2727439661207579,,,,,,
Israel,2018,,,,,,,0.2609424956094925,,,,,,
Italy,1986,,,,,,,0.205743658734414,,,,,,
Italy,1987,,,,,,,0.241550063018168,,,,,,
Italy,1989,,,,,,,0.0,,,,,,
Italy,1991,,,,,,,0.0,,,,,,
Italy,1993,,,,,,,0.4863701270455507,,,,,,
Italy,1995,,,,,,,0.2553729966572024,,,,,,
Italy,1998,,,,,,,0.2518436127710979,,,,,,
Italy,2000,,,,,,,0.2597146561556871,,,,,,
Italy,2003,,,,,,,,0.284594110016849,,,,,
Italy,2004,,,,,,,,0.0896779175751227,,,,,
Italy,2005,,,,,,,,0.1422558806975063,,,,,
Italy,2006,,,,,,,,0.1951345641480779,,,,,
Italy,2007,,,,,,,,0.1947267126650308,,,,,
Italy,2008,,,,,,,,0.2164747179305272,,,,,
Italy,2009,,,,,,,,0.3504860321955876,,,,,
Italy,2010,,,,,,,,0.4029898941109394,,,,,
Italy,2011,,,,,,,,0.2944352009733199,,,,,
Italy,2012,,,,,,,,0.4415455988814996,,,,,
Italy,2013,,,,,,,,0.3242855673348856,,,,,
Italy,2014,,,,,,,,0.3816849522793051,,,,,
Italy,2015,,,,,,,,0.6087987103433324,,,,,
Italy,2016,,,,,,,,0.4776314536351145,,,,,
Italy,2017,,,,,,,,0.3620051430281749,,,,,
Italy,2018,,,,,,,,0.4890274629537438,,,,,
Jamaica,1988,4.021402728282864,,,,,,,,,,,,
Jamaica,1990,,2.74201299970536,,,,,,,,,,,
Jamaica,1993,6.584364458744184,,,,,,,,,,,,
Jamaica,1996,,2.315105226193226,,,,,,,,,,,
Jamaica,1999,,2.1214148184528523,,,,,,,,,,,
Jamaica,2002,,1.8066036527194491,,,,,,,,,,,
Jamaica,2004,,1.1772403621702177,,,,,,,,,,,
Japan,2008,,,,,,,0.2340652647525046,,,,,,
Japan,2010,,,,,,,0.0,,,,,,
Japan,2013,,,,,,,0.5371893758091726,,,,,,
Jordan,1986,0.0,,,,,,,,,,,,
Jordan,1992,0.5858207838916631,,,,,,,,,,,,
Jordan,1997,0.3539418909130508,,,,,,,,,,,,
Jordan,2002,,0.1858575266562532,,,,,,,,,,,
Jordan,2006,,,0.0908947221810994,,,,,,,,,,
Jordan,2008,,,,0.0107984887606492,,,,,,,,,
Jordan,2010,,,,0.0408590958861211,,,,,,,,,
Kazakhstan,1993,,,,,,,8.435301067013611,,,,,,
Kazakhstan,1996,,7.080292256622014,,,,,,,,,,,
Kazakhstan,2001,,,11.689331274331884,,,,,,,,,,
Kazakhstan,2002,,,8.463445729805368,,,,,,,,,,
Kazakhstan,2003,,,5.9328584932382205,,,,,,,,,,
Kazakhstan,2004,,,3.245823748296808,,,,,,,,,,
Kazakhstan,2005,,,,8.114555006133546,,,,,,,,,
Kazakhstan,2006,,,,0.9987010132227512,,,,,,,,,
Kazakhstan,2007,,,,0.3855480479704721,,,,,,,,,
Kazakhstan,2008,,,,0.2428671520417966,,,,,,,,,
Kazakhstan,2009,,,,0.2441647586731525,,,,,,,,,
Kazakhstan,2010,,,,0.1934398211185579,,,,,,,,,
Kazakhstan,2011,,,,0.0710929298319849,,,,,,,,,
Kazakhstan,2012,,,,0.0384228526645581,,,,,,,,,
Kazakhstan,2013,,,,0.0331072355687233,,,,,,,,,
Kazakhstan,2014,,,,0.0192731667716028,,,,,,,,,
Kazakhstan,2015,,,,0.0382720985456944,,,,,,,,,
Kazakhstan,2016,,,,0.0505281117766579,,,,,,,,,
Kazakhstan,2017,,,,0.0414962465439198,,,,,,,,,
Kazakhstan,2018,,,,0.015139699981156,,,,,,,,,
Kenya,1992,20.33284661503083,,,,,,,,,,,,
Kenya,1994,,19.63626437023005,,,,,,,,,,,
Kenya,1997,,,23.37753427936004,,,,,,,,,,
Kenya,2005,,,,28.366624484978075,,,,,,,,,
Kenya,2015,,,,25.36464976364364,,,,,,,,,
Kiribati,2006,12.591556163280016,,,,,,,,,,,,
Kiribati,2019,,1.6572001904632336,,,,,,,,,,,
Kosovo,2003,2.397875860158054,,,,,,,,,,,,
Kosovo,2005,4.209276694532706,,,,,,,,,,,,
Kosovo,2006,4.075925133291772,,,,,,,,,,,,
Kosovo,2009,3.409757964068729,,,,,,,,,,,,
Kosovo,2010,2.894384123265453,,,,,,,,,,,,
Kosovo,2011,1.8802903405918483,,,,,,,,,,,,
Kosovo,2012,,0.8349261194418036,,,,,,,,,,,
Kosovo,2013,,0.422305055175217,,,,,,,,,,,
Kosovo,2014,,1.1085790759009273,,,,,,,,,,,
Kosovo,2015,,0.7293943169540699,,,,,,,,,,,
Kosovo,2016,,0.6698519372374556,,,,,,,,,,,
Kosovo,2017,,0.2767722890469754,,,,,,,,,,,
Kyrgyzstan,1998,,,,,,,20.88834137135668,,,,,,
Kyrgyzstan,2000,,35.15905193532582,,,,,,,,,,,
Kyrgyzstan,2001,,31.60296050635983,,,,,,,,,,,
Kyrgyzstan,2002,,29.22525898170597,,,,,,,,,,,
Kyrgyzstan,2003,,24.58749231653877,,,,,,,,,,,
Kyrgyzstan,2004,,,11.22467529923404,,,,,,,,,,
Kyrgyzstan,2005,,,13.208499593228218,,,,,,,,,,
Kyrgyzstan,2006,,,8.180917522612296,,,,,,,,,,
Kyrgyzstan,2007,,,8.677568142130438,,,,,,,,,,
Kyrgyzstan,2008,,,3.2525993193825555,,,,,,,,,,
Kyrgyzstan,2009,,,1.4940278267976892,,,,,,,,,,
Kyrgyzstan,2010,,,2.7470768553020437,,,,,,,,,,
Kyrgyzstan,2011,,,1.231077503354731,,,,,,,,,,
Kyrgyzstan,2012,,,2.41255885290341,,,,,,,,,,
Kyrgyzstan,2013,,,2.582383383453388,,,,,,,,,,
Kyrgyzstan,2014,,,1.01247536629252,,,,,,,,,,
Kyrgyzstan,2015,,,2.0874448118988065,,,,,,,,,,
Kyrgyzstan,2016,,,1.099827288428325,,,,,,,,,,
Kyrgyzstan,2017,,,1.253976961053209,,,,,,,,,,
Kyrgyzstan,2018,,,0.7203928639210476,,,,,,,,,,
Kyrgyzstan,2019,,,0.5433846535113535,,,,,,,,,,
Kyrgyzstan,2020,,,1.3085897202500152,,,,,,,,,,
Laos,1992,22.643303426003243,,,,,,,,,,,,
Laos,1997,39.36795538014712,,,,,,,,,,,,
Laos,2002,24.572406811490545,,,,,,,,,,,,
Laos,2007,18.5859595118546,,,,,,,,,,,,
Laos,2012,,10.70682146261471,,,,,,,,,,,
Laos,2018,,6.980388580440014,,,,,,,,,,,
Latvia,1993,,,,,,,0.016112105926368,,,,,,
Latvia,1995,,,,,,,0.0305828118159107,,,,,,
Latvia,1996,,,,,,,1.7655710391653665,,,,,,
Latvia,1997,,1.989394336110185,,,,,,,,,,,
Latvia,1998,,1.5924770717575254,,,,,,,,,,,
Latvia,2002,,0.5661480763561864,,,,,,,,,,,
Latvia,2003,,0.5893035483652432,,,,,,,,,,,
Latvia,2004,,0.2641483755626078,,,,,,,,,,,
Latvia,2005,,,,,,,,,1.2077904269208624,,,,
Latvia,2006,,,,,,,,,0.8064977819169773,,,,
Latvia,2007,,0.0213150330064876,,,,,,,,,,,
Latvia,2008,,0.0271434358353977,,,,,,,,,,,
Latvia,2009,,0.3549101191640725,,,,,,,,,,,
Latvia,2010,,,,,,,,,1.0864077461616024,,,,
Latvia,2011,,,,,,,,,0.6418867908039437,,,,
Latvia,2012,,,,,,,,,0.5996109754664829,,,,
Latvia,2013,,,,,,,,,0.5972234574667092,,,,
Latvia,2014,,,,,,,,,0.4455853247747246,,,,
Latvia,2015,,,,,,,,,0.3090728976140401,,,,
Latvia,2016,,,,,,,,,0.3849378705275787,,,,
Latvia,2017,,,,,,,,,0.559506304035324,,,,
Latvia,2018,,,,,,,,,0.2145109886289458,,,,
Latvia,2019,,,,,,,,,0.0308806148116177,,,,
Lebanon,2011,0.0,,,,,,,,,,,,
Lesotho,1986,27.150190787270432,,,,,,,,,,,,
Lesotho,1994,,21.132710443055828,,,,,,,,,,,
Lesotho,2002,,,30.449170177630464,,,,,,,,,,
Lesotho,2017,,,,24.596181172461144,,,,,,,,,
Liberia,2007,39.531807721226805,,,,,,,,,,,,
Liberia,2014,,24.086708867147397,,,,,,,,,,,
Liberia,2016,,24.968954309638903,,,,,,,,,,,
Lithuania,1993,,,,,,,6.616959208040594,,,,,,
Lithuania,1996,,0.0,,,,,,,,,,,
Lithuania,1998,,,0.3147635427634109,,,,,,,,,,
Lithuania,1999,,,0.293113007691308,,,,,,,,,,
Lithuania,2000,,,0.2452325108242921,,,,,,,,,,
Lithuania,2001,,,0.493630031882974,,,,,,,,,,
Lithuania,2002,,,0.5037950176397962,,,,,,,,,,
Lithuania,2003,,,0.194687710546897,,,,,,,,,,
Lithuania,2004,,,0.0924764774249905,,,,,,,,,,
Lithuania,2005,,,,,,,,,,1.03959996725385,,,
Lithuania,2006,,,,,,,,,,1.0779199054163282,,,
Lithuania,2007,,,,,,,,,,0.6284788694560136,,,
Lithuania,2008,,,0.149395087471793,,,,,,,,,,
Lithuania,2009,,,,,,,,,,1.2614941402174449,,,
Lithuania,2010,,,,,,,,,,0.5480288846801808,,,
Lithuania,2011,,,,,,,,,,0.2530286993723818,,,
Lithuania,2012,,,,,,,,,,0.3145821319089502,,,
Lithuania,2013,,,,,,,,,,0.2546582821926172,,,
Lithuania,2014,,,,,,,,,,0.6799967398350888,,,
Lithuania,2015,,,,,,,,,,0.2309537989128751,,,
Lithuania,2016,,,,,,,,,,0.6387560834535294,,,
Lithuania,2017,,,,,,,,,,0.2116388647586641,,,
Lithuania,2018,,,,,,,,,,0.506613676820238,,,
Lithuania,2019,,,,,,,,,,0.2177058605215134,,,
Luxembourg,1985,,,,,,,0.0,,,,,,
Luxembourg,1991,,,,,,,0.0,,,,,,
Luxembourg,1994,,,,,,,0.0,,,,,,
Luxembourg,1997,,,,,,,0.0,,,,,,
Luxembourg,2000,,,,,,,0.0,,,,,,
Luxembourg,2003,,,,,,,,0.0046498239709496,,,,,
Luxembourg,2004,,,,,,,,0.0159355592180661,,,,,
Luxembourg,2005,,,,,,,,0.0197782258931373,,,,,
Luxembourg,2006,,,,,,,,0.0,,,,,
Luxembourg,2007,,,,,,,,0.0204169644140643,,,,,
Luxembourg,2008,,,,,,,,0.0,,,,,
Luxembourg,2009,,,,,,,,0.0,,,,,
Luxembourg,2010,,,,,,,,0.0,,,,,
Luxembourg,2011,,,,,,,,0.084692300717473,,,,,
Luxembourg,2012,,,,,,,,0.0139373872295864,,,,,
Luxembourg,2013,,,,,,,,0.0224528857479387,,,,,
Luxembourg,2014,,,,,,,,0.0107851790070085,,,,,
Luxembourg,2015,,,,,,,,0.1160455333881082,,,,,
Luxembourg,2016,,,,,,,,0.0506860659709216,,,,,
Luxembourg,2017,,,,,,,,0.1059805210485363,,,,,
Luxembourg,2018,,,,,,,,0.1924500370096225,,,,,
Luxembourg,2019,,,,,,,,0.0,,,,,
Madagascar,1980,32.96497272028184,,,,,,,,,,,,
Madagascar,1993,,44.70502827153772,,,,,,,,,,,
Madagascar,1997,,,42.049197580684506,,,,,,,,,,
Madagascar,1999,,,40.98741150349249,,,,,,,,,,
Madagascar,2001,,,,34.55718684776575,,,,,,,,,
Madagascar,2005,,,,47.2930767014955,,,,,,,,,
Madagascar,2010,,,,40.95048894553803,,,,,,,,,
Madagascar,2012,,,,37.554346534676064,,,,,,,,,
Malawi,1997,46.2403260195466,,,,,,,,,,,,
Malawi,2004,,47.77740104994076,,,,,,,,,,,
Malawi,2010,,41.17067384686892,,,,,,,,,,,
Malawi,2016,,47.451298739983656,,,,,,,,,,,
Malawi,2019,,46.91525984917184,,,,,,,,,,,
Malaysia,1984,,,,,,,3.4233921131099305,,,,,,
Malaysia,1987,,,,,,,2.8253654944037057,,,,,,
Malaysia,1989,,,,,,,2.202931480080308,,,,,,
Malaysia,1992,,,,,,,2.035962333694336,,,,,,
Malaysia,1995,,,,,,,2.4753260556968986,,,,,,
Malaysia,1997,,,,,,,0.717866287247615,,,,,,
Malaysia,2003,,,,,,,,1.5067601809819182,,,,,
Malaysia,2006,,,,,,,,0.7207630392756205,,,,,
Malaysia,2008,,,,,,,,0.6726207219172358,,,,,
Malaysia,2011,,,,,,,,0.1388539763516492,,,,,
Malaysia,2013,,,,,,,,0.0311209201639299,,,,,
Malaysia,2015,,,,,,,,0.0190380452027214,,,,,
Maldives,2002,6.364702483131363,,,,,,,,,,,,
Maldives,2009,,3.75731130673956,,,,,,,,,,,
Maldives,2016,,,0.0,,,,,,,,,,
Maldives,2019,,,,0.0,,,,,,,,,
Mali,1994,26.138328527172188,,,,,,,,,,,,
Mali,2001,,42.0650283726281,,,,,,,,,,,
Mali,2006,,,38.80956070484387,,,,,,,,,,
Mali,2009,,,42.41975082411344,,,,,,,,,,
Mali,2018,,,,14.528512395719517,,,,,,,,,
Malta,2006,,,,,,,0.4125257828614288,,,,,,
Malta,2007,,,,,,,0.195464246024331,,,,,,
Malta,2008,,,,,,,0.0439690360277395,,,,,,
Malta,2009,,,,,,,0.2128603534257667,,,,,,
Malta,2010,,,,,,,0.0878149517017765,,,,,,
Malta,2011,,,,,,,0.0216206866730087,,,,,,
Malta,2012,,,,,,,0.0916605559629358,,,,,,
Malta,2013,,,,,,,0.0295797561782955,,,,,,
Malta,2014,,,,,,,0.0,,,,,,
Malta,2015,,,,,,,0.0,,,,,,
Malta,2016,,,,,,,0.0164706295733448,,,,,,
Malta,2017,,,,,,,0.0630343227229118,,,,,,
Malta,2018,,,,,,,0.0678868415079545,,,,,,
Malta,2019,,,,,,,0.149584773301697,,,,,,
Marshall Islands,2019,0.8538721913218009,,,,,,,,,,,,
Mauritania,1987,25.689291588908347,,,,,,,,,,,,
Mauritania,1993,,34.95395576514939,,,,,,,,,,,
Mauritania,1995,,,17.941114179881833,,,,,,,,,,
Mauritania,2000,,,,19.22274854128005,,,,,,,,,
Mauritania,2004,,,,16.660395217004634,,,,,,,,,
Mauritania,2008,,,,10.73727404916576,,,,,,,,,
Mauritania,2014,,,,5.953836455523858,,,,,,,,,
Mauritius,2006,0.3076185011944933,,,,,,,,,,,,
Mauritius,2012,0.4123795069918989,,,,,,,,,,,,
Mauritius,2017,0.1253347862152294,,,,,,,,,,,,
Mexico,1984,,,,,,,7.336828470804215,,,,,,
Mexico,1989,,,,,,,7.0579586259042095,,,,,,
Mexico,1992,,,,,,,6.553715862126245,,,,,,
Mexico,1994,,,,,,,6.032268636825278,,,,,,
Mexico,1996,,,,,,,12.399135152381914,,,,,,
Mexico,1998,,,,,,,10.1579882625726,,,,,,
Mexico,2000,,,,,,,7.219280272886171,,,,,,
Mexico,2002,,,,,,,5.439906415084958,,,,,,
Mexico,2004,,,,,,,4.707510029140908,,,,,,
Mexico,2005,,,,,,,5.097391496807624,,,,,,
Mexico,2006,,,,,,,3.4531039863228163,,,,,,
Mexico,2008,,,,,,,4.264008845279015,,,,,,
Mexico,2010,,,,,,,3.598579582836841,,,,,,
Mexico,2012,,,,,,,3.125125027546564,,,,,,
Mexico,2014,,,,,,,3.145454439555829,,,,,,
Mexico,2016,,,,,,,,2.7555565472669,,,,,
Mexico,2018,,,,,,,,2.2614987836433253,,,,,
Mexico,2020,,,,,,,,2.5535769022166157,,,,,
Micronesia (country),2005,,8.158477410844679,,,,,,,,,,,
Micronesia (country),2013,,,11.850229414097166,,,,,,,,,,
Micronesia (country) - urban,2000,,,,,,,18.67494996664443,,,,,,
Moldova,1997,10.7998435713692,,,,,,,,,,,,
Moldova,1998,19.67836708710207,,,,,,,,,,,,
Moldova,1999,28.305153879105102,,,,,,,,,,,,
Moldova,2000,27.036479793473045,,,,,,,,,,,,
Moldova,2001,20.577173312418672,,,,,,,,,,,,
Moldova,2002,12.962256708803698,,,,,,,,,,,,
Moldova,2003,5.502046638551228,,,,,,,,,,,,
Moldova,2004,6.33366803136421,,,,,,,,,,,,
Moldova,2005,,10.00712922737388,,,,,,,,,,,
Moldova,2006,,,1.72834576637229,,,,,,,,,,
Moldova,2007,,,0.8371879033725907,,,,,,,,,,
Moldova,2008,,,0.928324065434573,,,,,,,,,,
Moldova,2009,,,0.6227948718485825,,,,,,,,,,
Moldova,2010,,,0.4104159830186193,,,,,,,,,,
Moldova,2011,,,0.2166909746128532,,,,,,,,,,
Moldova,2012,,,0.1385227550116141,,,,,,,,,,
Moldova,2013,,,0.0251863439643025,,,,,,,,,,
Moldova,2014,,,0.0,,,,,,,,,,
Moldova,2015,,,0.0312221073687701,,,,,,,,,,
Moldova,2016,,,0.1080591113315751,,,,,,,,,,
Moldova,2017,,,0.0,,,,,,,,,,
Moldova,2018,,,0.0,,,,,,,,,,
Moldova,2019,,,0.0286306733198897,,,,,,,,,,
Mongolia,1995,14.438013295811128,,,,,,,,,,,,
Mongolia,1998,23.950244240803137,,,,,,,,,,,,
Mongolia,2002,,10.94725450944455,,,,,,,,,,,
Mongolia,2007,,,1.6578643305488934,,,,,,,,,,
Mongolia,2010,,,,1.128128881114099,,,,,,,,,
Mongolia,2011,,,,0.8566765943883767,,,,,,,,,
Mongolia,2012,,,,0.4691120962311723,,,,,,,,,
Mongolia,2014,,,,0.3275386541528534,,,,,,,,,
Mongolia,2016,,,,0.7064944617090013,,,,,,,,,
Mongolia,2018,,,,0.7115923404539883,,,,,,,,,
Montenegro,2005,0.2284045381360692,,,,,,,,,,,,
Montenegro,2006,0.0,,,,,,,,,,,,
Montenegro,2007,0.3606251268520398,,,,,,,,,,,,
Montenegro,2008,0.0938458820459374,,,,,,,,,,,,
Montenegro,2009,0.0,,,,,,,,,,,,
Montenegro,2010,0.0,,,,,,,,,,,,
Montenegro,2011,0.2112634035340658,,,,,,,,,,,,
Montenegro,2012,0.914758435774354,,,,,,,,,,,,
Montenegro,2013,1.0383012425809754,,,,,,,,,,,,
Montenegro,2014,0.0,,,,,,,,,,,,
Montenegro,2015,,,,,,,,1.3395289628535472,,,,,
Montenegro,2016,,,,,,,,1.214038820317434,,,,,
Montenegro,2017,,,,,,,,1.8235045543428137,,,,,
Montenegro,2018,,,,,,,,1.987216883870356,,,,,
Morocco,1984,13.195370501204836,,,,,,,,,,,,
Morocco,1990,4.672501551045469,,,,,,,,,,,,
Morocco,1998,7.914043487106413,,,,,,,,,,,,
Morocco,2000,,7.566148562086836,,,,,,,,,,,
Morocco,2006,,4.134104389107775,,,,,,,,,,,
Morocco,2013,,1.4183063946015662,,,,,,,,,,,
Mozambique,1996,26.60620678182845,,,,,,,,,,,,
Mozambique,2002,39.19762513052152,,,,,,,,,,,,
Mozambique,2008,40.88752608342855,,,,,,,,,,,,
Mozambique,2014,38.95579854244388,,,,,,,,,,,,
Myanmar,2015,6.05460547580933,,,,,,,,,,,,
Myanmar,2017,1.9784060029686492,,,,,,,,,,,,
Namibia,1993,,,,,,,23.405213047666447,,,,,,
Namibia,2003,,28.27536183294991,,,,,,,,,,,
Namibia,2009,,22.75469128641991,,,,,,,,,,,
Namibia,2015,,12.24886075041654,,,,,,,,,,,
Nauru,2012,1.3910812943962114,,,,,,,,,,,,
Nepal,1984,,,,,,,55.04166047640271,,,,,,
Nepal,1995,,46.44983141974763,,,,,,,,,,,
Nepal,2003,,36.236288359898055,,,,,,,,,,,
Nepal,2010,,,7.951914039676962,,,,,,,,,,
Netherlands,1983,,,,,,,0.0,,,,,,
Netherlands,1987,,,,,,,0.0,,,,,,
Netherlands,1990,,,,,,,0.2075776961658053,,,,,,
Netherlands,1993,,,,,,,,0.2347687119106616,,,,,
Netherlands,1999,,,,,,,,0.0,,,,,
Netherlands,2004,,,,,,,,,0.1887631566550559,,,,
Netherlands,2005,,,,,,,,,0.0861771676094439,,,,
Netherlands,2006,,,,,,,,,0.0253149053710117,,,,
Netherlands,2007,,,,,,,,,0.0154867969714491,,,,
Netherlands,2008,,,,,,,,,0.0372683429536411,,,,
Netherlands,2009,,,,,,,,,0.0244519366393577,,,,
Netherlands,2010,,,,,,,,,0.0432189570707742,,,,
Netherlands,2011,,,,,,,,,0.0,,,,
Netherlands,2012,,,,,,,,,0.0322352267943072,,,,
Netherlands,2013,,,,,,,,,0.0868758908364174,,,,
Netherlands,2014,,,,,,,,,0.0493922090045851,,,,
Netherlands,2015,,,,,,,,,0.0566767629345186,,,,
Netherlands,2016,,,,,,,,,0.0390010424939904,,,,
Netherlands,2017,,,,,,,,,0.1506307520458464,,,,
Netherlands,2018,,,,,,,,,0.0617179204931583,,,,
Netherlands,2019,,,,,,,,,0.0627620586923837,,,,
Nicaragua,1993,19.439793335388984,,,,,,,,,,,,
Nicaragua,1998,15.57274995815211,,,,,,,,,,,,
Nicaragua,2001,16.772292433173376,,,,,,,,,,,,
Nicaragua,2005,,16.316607007714353,,,,,,,,,,,
Nicaragua,2009,,,,,,,,7.488767805556241,,,,,
Nicaragua,2014,,,,,,,,3.609907249768588,,,,,
Niger,1992,47.216308871496885,,,,,,,,,,,,
Niger,1994,,33.52399720952027,,,,,,,,,,,
Niger,2005,,,39.99796982988114,,,,,,,,,,
Niger,2007,,,,50.04828603966224,,,,,,,,,
Niger,2011,,,,,52.81805715180514,,,,,,,,
Niger,2014,,,,,45.08426687439859,,,,,,,,
Niger,2018,,,,,,44.22996367971581,,,,,,,
Nigeria,1985,33.735004208093805,,,,,,,,,,,,
Nigeria,1992,,30.042831338299465,,,,,,,,,,,
Nigeria,1996,,,32.73798056731155,,,,,,,,,,
Nigeria,2003,,,,34.12410360362635,,,,,,,,,
Nigeria,2010,,,,,30.69644277156973,,,,,,,,
Nigeria,2012,,,,,29.9164163723638,,,,,,,,
Nigeria,2015,,,,,28.634318223331107,,,,,,,,
Nigeria,2018,,,,,,27.351661088823192,,,,,,,
North Macedonia,1998,1.1362758982088872,,,,,,,,,,,,
North Macedonia,2000,,4.71828657438251,,,,,,,,,,,
North Macedonia,2002,,1.3962281149435416,,,,,,,,,,,
North Macedonia,2003,,1.2056110871814456,,,,,,,,,,,
North Macedonia,2004,,0.7055689815325031,,,,,,,,,,,
North Macedonia,2005,,1.3846346450778284,,,,,,,,,,,
North Macedonia,2006,,2.7449873249460355,,,,,,,,,,,
North Macedonia,2008,,0.4878601669452996,,,,,,,,,,,
North Macedonia,2009,,,,,,,,,5.619038841432877,,,,
North Macedonia,2010,,,,,,,,,4.404127680530062,,,,
North Macedonia,2011,,,,,,,,,5.1554524835332245,,,,
North Macedonia,2012,,,,,,,,,4.367301231802911,,,,
North Macedonia,2013,,,,,,,,,4.02517984217299,,,,
North Macedonia,2014,,,,,,,,,2.9753258933257105,,,,
North Macedonia,2015,,,,,,,,,3.7650478740002296,,,,
North Macedonia,2016,,,,,,,,,2.8964192830845987,,,,
North Macedonia,2017,,,,,,,,,2.8616988559181915,,,,
North Macedonia,2018,,,,,,,,,2.6514569527173704,,,,
Norway,1979,,,,,,,0.0,,,,,,
Norway,1986,,,,,,,0.2448796046604152,,,,,,
Norway,1991,,,,,,,0.2358196151236164,,,,,,
Norway,1995,,,,,,,0.2674583132990027,,,,,,
Norway,2000,,,,,,,0.0,,,,,,
Norway,2003,,,,,,,,0.0645146450434898,,,,,
Norway,2004,,,,,,,,0.0367167474972288,,,,,
Norway,2005,,,,,,,,0.0598491420938028,,,,,
Norway,2006,,,,,,,,0.0393505063749322,,,,,
Norway,2007,,,,,,,,0.0396037249161367,,,,,
Norway,2008,,,,,,,,0.0816658319722361,,,,,
Norway,2009,,,,,,,,0.0534923704513364,,,,,
Norway,2010,,,,,,,,0.0427468250767193,,,,,
Norway,2011,,,,,,,,0.0498880698263386,,,,,
Norway,2012,,,,,,,,0.0130913707940484,,,,,
Norway,2013,,,,,,,,0.0431921817819944,,,,,
Norway,2014,,,,,,,,0.0236508687947127,,,,,
Norway,2015,,,,,,,,0.0790578280451766,,,,,
Norway,2016,,,,,,,,0.0947173942820725,,,,,
Norway,2017,,,,,,,,0.1215091696595469,,,,,
Norway,2018,,,,,,,,0.0470451716480456,,,,,
Norway,2019,,,,,,,,0.0253183681956418,,,,,
Pakistan,1987,54.116475181827454,,,,,,,,,,,,
Pakistan,1990,51.45386741246589,,,,,,,,,,,,
Pakistan,1996,22.129025090072545,,,,,,,,,,,,
Pakistan,1998,28.615502714919334,,,,,,,,,,,,
Pakistan,2001,,32.59306472228413,,,,,,,,,,,
Pakistan,2004,,19.63150051838737,,,,,,,,,,,
Pakistan,2005,,20.11277484785517,,,,,,,,,,,
Pakistan,2007,,14.813276660187084,,,,,,,,,,,
Pakistan,2010,,9.35293375503609,,,,,,,,,,,
Pakistan,2011,,9.568159117209929,,,,,,,,,,,
Pakistan,2013,,7.348218282827523,,,,,,,,,,,
Pakistan,2015,,5.107743385118059,,,,,,,,,,,
Pakistan,2018,,4.927069382946725,,,,,,,,,,,
Palestine,2004,0.4383577218992865,,,,,,,,,,,,
Palestine,2005,0.2025661999351884,,,,,,,,,,,,
Palestine,2006,0.313650980790492,,,,,,,,,,,,
Palestine,2007,1.3573917383222074,,,,,,,,,,,,
Palestine,2009,0.2651324889898591,,,,,,,,,,,,
Palestine,2010,,0.0436061752260403,,,,,,,,,,,
Palestine,2011,,0.1890297827496674,,,,,,,,,,,
Palestine,2016,,0.5027148525516316,,,,,,,,,,,
Panama,1979,,,,,,,6.24941101909489,,,,,,
Panama,1989,,,,,,,,6.9764125676194,,,,,
Panama,1991,,,,,,,,,7.211284463847269,,,,
Panama,1995,,,,,,,,,,5.178512571053343,,,
Panama,1997,,,,,,,,,,5.8874378177004365,,,
Panama,1998,,,,,,,,,,5.28287089527998,,,
Panama,1999,,,,,,,,,,4.702852082847418,,,
Panama,2000,,,,,,,,,,5.740887222625368,,,
Panama,2001,,,,,,,,,,,7.428338761687847,,
Panama,2002,,,,,,,,,,,6.776366658781054,,
Panama,2003,,,,,,,,,,,6.68601607450914,,
Panama,2004,,,,,,,,,,,6.436649909034073,,
Panama,2005,,,,,,,,,,,6.484402541332079,,
Panama,2006,,,,,,,,,,,6.277550931354527,,
Panama,2007,,,,,,,,,,,5.401180367209268,,
Panama,2008,,,,,,,,,,,,3.7644289125431856,
Panama,2009,,,,,,,,,,,,2.427683165163311,
Panama,2010,,,,,,,,,,,,2.977606390440473,
Panama,2011,,,,,,,,,,,,2.082677387353334,
Panama,2012,,,,,,,,,,,,2.9946414861157336,
Panama,2013,,,,,,,,,,,,2.0566572814068347,
Panama,2014,,,,,,,,,,,,2.463787173081049,
Panama,2015,,,,,,,,,,,,1.3494553343967102,
Panama,2016,,,,,,,,,,,,1.327446890358435,
Panama,2017,,,,,,,,,,,,1.7270775725120802,
Panama,2018,,,,,,,,,,,,1.227283217951824,
Panama,2019,,,,,,,,,,,,0.7223226985427793,
Papua New Guinea,1996,33.78358747354758,,,,,,,,,,,,
Papua New Guinea,2009,,27.103754436459432,,,,,,,,,,,
Paraguay,1990,,,,,,,1.0377625867988758,,,,,,
Paraguay,1995,,,,,,,8.424715261434446,,,,,,
Paraguay,1997,,,,,,,,6.733704194557287,,,,,
Paraguay,1999,,,,,,,,,7.049781590408305,,,,
Paraguay,2001,,,,,,,,,,6.369709762027484,,,
Paraguay,2002,,,,,,,,,,,9.78002725255687,,
Paraguay,2003,,,,,,,,,,,,6.468366760560079,
Paraguay,2004,,,,,,,,,,,,4.848953574487362,
Paraguay,2005,,,,,,,,,,,,4.866283946261179,
Paraguay,2006,,,,,,,,,,,,6.689680667630385,
Paraguay,2007,,,,,,,,,,,,6.516471810123649,
Paraguay,2008,,,,,,,,,,,,3.4951760282676587,
Paraguay,2009,,,,,,,,,,,,5.023694145169428,
Paraguay,2010,,,,,,,,,,,,4.510631133045893,
Paraguay,2011,,,,,,,,,,,,3.961536985980855,
Paraguay,2012,,,,,,,,,,,,2.89123586197016,
Paraguay,2013,,,,,,,,,,,,1.2914665790512931,
Paraguay,2014,,,,,,,,,,,,2.215584033030261,
Paraguay,2015,,,,,,,,,,,,1.744901062172192,
Paraguay,2016,,,,,,,,,,,,1.621761265103916,
Paraguay,2017,,,,,,,,,,,,0.970488380904894,
Paraguay,2018,,,,,,,,,,,,1.347240805115648,
Paraguay,2019,,,,,,,,,,,,0.9955087833457472,
Paraguay,2020,,,,,,,,,,,,0.7380410597642071,
Peru,1985,3.173009119414171,,,,,,,,,,,,
Peru,1994,14.911306063521208,,,,,,,,,,,,
Peru,1997,,,,,,,,13.126998709331025,,,,,
Peru,1998,,,,,,,,13.087901779050412,,,,,
Peru,1999,,,,,,,,13.020329741649135,,,,,
Peru,2000,,,,,,,,,13.703207383961203,,,,
Peru,2001,,,,,,,,,14.590894556941416,,,,
Peru,2002,,,,,,,,,12.5999060402427,,,,
Peru,2003,,,,,,,,,11.90312425186458,,,,
Peru,2004,,,,,,,,,,12.687045059651624,,,
Peru,2005,,,,,,,,,,13.288270280706262,,,
Peru,2006,,,,,,,,,,11.688390760035166,,,
Peru,2007,,,,,,,,,,10.295005302994204,,,
Peru,2008,,,,,,,,,,8.927845884793467,,,
Peru,2009,,,,,,,,,,7.302641648672789,,,
Peru,2010,,,,,,,,,,5.9321172067488686,,,
Peru,2011,,,,,,,,,,5.7633710463877605,,,
Peru,2012,,,,,,,,,,5.16889502382333,,,
Peru,2013,,,,,,,,,,4.733984895405002,,,
Peru,2014,,,,,,,,,,4.254367476746382,,,
Peru,2015,,,,,,,,,,4.161763191893705,,,
Peru,2016,,,,,,,,,,4.11002884430452,,,
Peru,2017,,,,,,,,,,4.002677878110751,,,
Peru,2018,,,,,,,,,,3.2294396260745595,,,
Peru,2019,,,,,,,,,,2.660392829852741,,,
Peru,2020,,,,,,,,,,4.8467168019649245,,,
Philippines,1985,27.377866644007103,,,,,,,,,,,,
Philippines,1988,24.159568401387336,,,,,,,,,,,,
Philippines,1991,26.672421945799677,,,,,,,,,,,,
Philippines,1994,25.35065199982998,,,,,,,,,,,,
Philippines,1997,,17.249122799138156,,,,,,,,,,,
Philippines,2000,,,14.62740735536962,,,,,,,,,,
Philippines,2003,,,,13.23298411825752,,,,,,,,,
Philippines,2006,,,,14.795394287147918,,,,,,,,,
Philippines,2009,,,,10.840225017029589,,,,,,,,,
Philippines,2012,,,,12.180853355909822,,,,,,,,,
Philippines,2015,,,,8.174512707004812,,,,,,,,,
Philippines,2018,,,,4.997091739841675,,,,,,,,,
Poland,1985,,,,,,,0.1098412083151162,,,,,,
Poland,1986,,,,,,,0.2456073999551315,,,,,,
Poland,1987,,,,,,,0.0854331569371333,,,,,,
Poland,1989,,,,,,,0.0366133829857064,,,,,,
Poland,1992,,,,,,,0.2236126176363693,,,,,,
Poland,1993,,0.158660338175867,,,,,,,,,,,
Poland,1995,,,,,,,1.2477264540860968,,,,,,
Poland,1996,,2.8375660237306137,,,,,,,,,,,
Poland,1998,,,0.0316732991527586,,,,,,,,,,
Poland,1999,,,0.0720895101847578,,,,,,,,,,
Poland,2000,,,0.1394064591284753,,,,,,,,,,
Poland,2001,,,0.0874135472853588,,,,,,,,,,
Poland,2002,,,0.0847572364207675,,,,,,,,,,
Poland,2003,,,0.0753862692342827,,,,,,,,,,
Poland,2004,,,0.1014974979717,,,,,,,,,,
Poland,2005,,,0.1846775270142926,,,,,,,,,,
Poland,2006,,,0.0390862736678359,,,,,,,,,,
Poland,2007,,,0.0314266107318465,,,,,,,,,,
Poland,2008,,,0.0126318796695955,,,,,,,,,,
Poland,2009,,,0.0153650162484653,,,,,,,,,,
Poland,2010,,,0.0074679057484579,,,,,,,,,,
Poland,2011,,,0.0289701971100474,,,,,,,,,,
Poland,2012,,,0.0219687464762519,,,,,,,,,,
Poland,2013,,,0.0090535811119374,,,,,,,,,,
Poland,2014,,,0.0103047124789226,,,,,,,,,,
Poland,2015,,,0.0,,,,,,,,,,
Poland,2016,,,0.0045404162492437,,,,,,,,,,
Poland,2017,,,0.0018117265369431,,,,,,,,,,
Poland,2018,,,0.0064727220060698,,,,,,,,,,
Poland,2019,,,0.0,,,,,,,,,,
Portugal,2003,,,,,,,0.3645248350650613,,,,,,
Portugal,2004,,,,,,,0.3348384722002704,,,,,,
Portugal,2005,,,,,,,0.2232149232671924,,,,,,
Portugal,2006,,,,,,,0.092669959233201,,,,,,
Portugal,2007,,,,,,,0.2577169001051317,,,,,,
Portugal,2008,,,,,,,0.0833950785253931,,,,,,
Portugal,2009,,,,,,,0.0927968470078339,,,,,,
Portugal,2010,,,,,,,0.0997058573171539,,,,,,
Portugal,2011,,,,,,,0.3764316755007786,,,,,,
Portugal,2012,,,,,,,0.2942031284534511,,,,,,
Portugal,2013,,,,,,,0.4332382322579596,,,,,,
Portugal,2014,,,,,,,0.342474643454678,,,,,,
Portugal,2015,,,,,,,0.2112747579762882,,,,,,
Portugal,2016,,,,,,,0.1965047147572813,,,,,,
Portugal,2017,,,,,,,0.230488432375756,,,,,,
Portugal,2018,,,,,,,0.1346581066844603,,,,,,
Portugal,2019,,,,,,,0.1257696794258517,,,,,,
Romania,1989,,,,,,,0.1220432668789676,,,,,,
Romania,1992,,,,,,,0.3661356504990462,,,,,,
Romania,1994,,,,,,,8.183175246371448,,,,,,
Romania,1995,,,,,,,1.514564938611646,,,,,,
Romania,1997,,,,,,,2.0000595903747,,,,,,
Romania,1998,,1.5434695448738869,,,,,,,,,,,
Romania,1999,,,5.160381522994797,,,,,,,,,,
Romania,2000,,5.971923236010063,,,,,,,,,,,
Romania,2001,,,4.276329671511393,,,,,,,,,,
Romania,2002,,,4.366789418888552,,,,,,,,,,
Romania,2003,,,3.06211651756815,,,,,,,,,,
Romania,2004,,,2.2387359762011,,,,,,,,,,
Romania,2005,,,1.7717757086936323,,,,,,,,,,
Romania,2006,,,1.932630170389775,,,,,,,,,,
Romania,2007,,,0.8610120910892898,,,,,,,,,,
Romania,2008,,,0.0,,,,,,,,,,
Romania,2009,,,0.0,,,,,,,,,,
Romania,2010,,,0.0,,,,,,,,,,
Romania,2011,,,0.0,,,,,,,,,,
Romania,2012,,,0.0,,,,,,,,,,
Romania,2013,,,0.0,,,,,,,,,,
Romania,2014,,,,,,,,,,5.371194575070876,,,
Romania,2015,,,,,,,,,,4.130414113797926,,,
Romania,2016,,,0.0,,,,,,,,,,
Romania,2017,,,,,,,,,,2.293259154569353,,,
Romania,2018,,,0.0,,,,,,,,,,
Romania,2019,,,,,,,,,,1.7477552761644235,,,
Russia,1993,3.528897452792569,,,,,,,,,,,,
Russia,1996,4.656503775047334,,,,,,,,,,,,
Russia,1997,,1.3903133427771577,,,,,,,,,,,
Russia,1998,,2.089592075301774,,,,,,,,,,,
Russia,1999,,4.019775161699801,,,,,,,,,,,
Russia,2000,,2.7592233228391803,,,,,,,,,,,
Russia,2001,,1.592763415136967,,,,,,,,,,,
Russia,2002,,0.9502328034237864,,,,,,,,,,,
Russia,2003,,1.0210474323370309,,,,,,,,,,,
Russia,2004,,0.9246774611945988,,,,,,,,,,,
Russia,2005,,0.7211354185242919,,,,,,,,,,,
Russia,2006,,0.4117067420450707,,,,,,,,,,,
Russia,2007,,0.188950516155885,,,,,,,,,,,
Russia,2008,,0.077634274326096,,,,,,,,,,,
Russia,2009,,0.0624062627041658,,,,,,,,,,,
Russia,2010,,0.0747234144407174,,,,,,,,,,,
Russia,2011,,0.034331063426094,,,,,,,,,,,
Russia,2012,,0.0302377650894293,,,,,,,,,,,
Russia,2013,,0.0081640619678504,,,,,,,,,,,
Russia,2014,,0.0210993396334313,,,,,,,,,,,
Russia,2015,,0.0363380550875254,,,,,,,,,,,
Russia,2016,,0.0226960343467207,,,,,,,,,,,
Russia,2017,,0.0321550509177926,,,,,,,,,,,
Russia,2018,,0.0277620393031987,,,,,,,,,,,
Russia,2019,,0.0300014692576245,,,,,,,,,,,
Russia,2020,,0.0101641813333807,,,,,,,,,,,
Rwanda,2000,,41.54426037424209,,,,,,,,,,,
Rwanda,2005,,41.35858609853601,,,,,,,,,,,
Rwanda,2010,,43.23055962454895,,,,,,,,,,,
Rwanda,2013,,42.47998758363519,,,,,,,,,,,
Rwanda,2016,,40.73891219076053,,,,,,,,,,,
Rwanda - rural,1984,54.260715107821056,,,,,,,,,,,,
Saint Lucia,1995,,,,,,,26.78745293488844,,,,,,
Saint Lucia,2016,,,,,,,,2.2940875863754524,,,,,
Samoa,2002,2.178447933790601,,,,,,,,,,,,
Samoa,2008,1.0525454247831068,,,,,,,,,,,,
Samoa,2013,1.111099458869919,,,,,,,,,,,,
Sao Tome and Principe,2000,19.75974245065512,,,,,,,,,,,,
Sao Tome and Principe,2010,,21.32204555030714,,,,,,,,,,,
Sao Tome and Principe,2017,,,14.034748848304568,,,,,,,,,,
Senegal,1991,30.940365827980465,,,,,,,,,,,,
Senegal,1994,,44.25384461012359,,,,,,,,,,,
Senegal,2001,,,42.30914552283347,,,,,,,,,,
Senegal,2005,,,,33.14343763364933,,,,,,,,,
Senegal,2011,,,,32.833674011306286,,,,,,,,,
Senegal,2018,,,,,8.938255582514902,,,,,,,,
Serbia,2002,0.1279926878090933,,,,,,,,,,,,
Serbia,2003,,0.3299070888917734,,,,,,,,,,,
Serbia,2004,,0.7708936044089653,,,,,,,,,,,
Serbia,2005,,0.7394262609146985,,,,,,,,,,,
Serbia,2006,,0.4705346465775331,,,,,,,,,,,
Serbia,2007,,0.3026859158453767,,,,,,,,,,,
Serbia,2008,,0.0727733121530206,,,,,,,,,,,
Serbia,2009,,0.1445059267373118,,,,,,,,,,,
Serbia,2010,,0.0977859505315551,,,,,,,,,,,
Serbia,2012,,,,,,,,,2.760687238100106,,,,
Serbia,2013,,0.2254843992265916,,,,,,,,,,,
Serbia,2014,,,,,,,,,2.72014490834962,,,,
Serbia,2015,,0.0440568183563875,,,,,,,,,,,
Serbia,2016,,,,,,,,,2.450511608849809,,,,
Serbia,2017,,,,,,,,,2.443960552969452,,,,
Serbia,2018,,0.0370492154502818,,,,,,,,,,,
Serbia,2019,,0.0452252515573627,,,,,,,,,,,
Seychelles,1999,0.7287650789702773,,,,,,,,,,,,
Seychelles,2006,,0.3723404255319149,,,,,,,,,,,
Seychelles,2013,,,,,,,,,0.923856852216256,,,,
Seychelles,2018,,,,,,,,,0.5105309935718567,,,,
Sierra Leone,1989,17.37671803111765,,,,,,,,,,,,
Sierra Leone,2003,,44.58648348398812,,,,,,,,,,,
Sierra Leone,2011,,35.1733092720392,,,,,,,,,,,
Sierra Leone,2018,,25.006061973433457,,,,,,,,,,,
Slovakia,1992,,,,,,,0.0,,,,,,
Slovakia,1996,,,,,,,0.7475395753235266,,,,,,
Slovakia,2004,,0.0750147051158912,,,,,,,,,,,
Slovakia,2005,,0.0928564900991232,,,,,,,,,,,
Slovakia,2006,,0.0,,,,,,,,,,,
Slovakia,2007,,0.0,,,,,,,,,,,
Slovakia,2008,,0.0,,,,,,,,,,,
Slovakia,2009,,0.0,,,,,,,,,,,
Slovakia,2010,,,,,,,,,0.2226682800920275,,,,
Slovakia,2011,,,,,,,,,0.1836290267606009,,,,
Slovakia,2012,,,,,,,,,0.2335610815856781,,,,
Slovakia,2013,,,,,,,,,0.0866739215128109,,,,
Slovakia,2014,,,,,,,,,0.2634974142078588,,,,
Slovakia,2015,,,,,,,,,0.3895607526898572,,,,
Slovakia,2016,,,,,,,,,0.1753517623008626,,,,
Slovakia,2017,,,,,,,,,0.0900494775733044,,,,
Slovakia,2018,,,,,,,,,0.0861427807411033,,,,
Slovakia,2019,,,,,,,,,0.1037925820481186,,,,
Slovenia,1987,,,,,,,0.0,,,,,,
Slovenia,1993,,,,,,,0.0122003508479494,,,,,,
Slovenia,1997,,,,,,,,0.0,,,,,
Slovenia,1998,,,0.0122121749328456,,,,,,,,,,
Slovenia,1999,,,,,,,,0.0,,,,,
Slovenia,2002,,,0.0,,,,,,,,,,
Slovenia,2003,,,0.0,,,,,,,,,,
Slovenia,2004,,,,,,,,,,0.0157234908953977,,,
Slovenia,2005,,,,,,,,,,0.0490383779044366,,,
Slovenia,2006,,,,,,,,,,0.0196325817143927,,,
Slovenia,2007,,,,,,,,,,0.0131310198293264,,,
Slovenia,2008,,,,,,,,,,0.0,,,
Slovenia,2009,,,,,,,,,,0.0,,,
Slovenia,2010,,,,,,,,,,0.0,,,
Slovenia,2011,,,,,,,,,,0.0,,,
Slovenia,2012,,,,,,,,,,0.0262497940120331,,,
Slovenia,2013,,,,,,,,,,0.0217480690093414,,,
Slovenia,2014,,,,,,,,,,0.0,,,
Slovenia,2015,,,,,,,,,,0.004846062404684,,,
Slovenia,2016,,,,,,,,,,0.0,,,
Slovenia,2017,,,,,,,,,,0.0,,,
Slovenia,2018,,,,,,,,,,0.0,,,
Slovenia,2019,,,,,,,,,,0.0,,,
Solomon Islands,2005,35.54896811784183,,,,,,,,,,,,
Solomon Islands,2012,,23.08826650073912,,,,,,,,,,,
Somalia,2017,45.8257686440588,,,,,,,,,,,,
South Africa,1993,26.465971404071382,,,,,,,,,,,,
South Africa,2000,,,25.969021373179466,,,,,,,,,,
South Africa,2005,,,,23.283012669328777,,,,,,,,,
South Africa,2008,,,,16.10467664261284,,,,,,,,,
South Africa,2010,,,,15.374223545880804,,,,,,,,,
South Africa,2014,,,,16.005358151475875,,,,,,,,,
South Korea,2006,,,,,,,0.0,,,,,,
South Korea,2008,,,,,,,0.0,,,,,,
South Korea,2010,,,,,,,0.2518358113247998,,,,,,
South Korea,2012,,,,,,,0.2492816064620746,,,,,,
South Korea,2014,,,,,,,0.0,,,,,,
South Korea,2016,,,,,,,0.2266653257266814,,,,,,
South Sudan,2009,22.743845120100524,,,,,,,,,,,,
South Sudan,2016,,38.22728229442456,,,,,,,,,,,
Spain,1980,,,,,,,0.2633580471559099,,,,,,
Spain,1985,,,,,,,0.2373152017109029,,,,,,
Spain,1990,,,,,,,0.2472616971140949,,,,,,
Spain,1995,,,,,,,,0.5139984467847563,,,,,
Spain,2000,,,,,,,,0.2411292840066709,,,,,
Spain,2003,,,,,,,,,0.2315820188588389,,,,
Spain,2004,,,,,,,,,0.2400592984070251,,,,
Spain,2005,,,,,,,,,0.1701411959799927,,,,
Spain,2006,,,,,,,,,0.143619032491579,,,,
Spain,2007,,,,,,,,,0.0856638042711088,,,,
Spain,2008,,,,,,,,,0.095144925678676,,,,
Spain,2009,,,,,,,,,0.2007163220387246,,,,
Spain,2010,,,,,,,,,0.1449023106884943,,,,
Spain,2011,,,,,,,,,0.2719119951508147,,,,
Spain,2012,,,,,,,,,0.3706236421803109,,,,
Spain,2013,,,,,,,,,0.3552248823440646,,,,
Spain,2014,,,,,,,,,0.2980623302285873,,,,
Spain,2015,,,,,,,,,0.2645848735118689,,,,
Spain,2016,,,,,,,,,0.4064661991028236,,,,
Spain,2017,,,,,,,,,0.1364511363838305,,,,
Spain,2018,,,,,,,,,0.3153698359113559,,,,
Spain,2019,,,,,,,,,0.2127360695162154,,,,
Sri Lanka,1985,16.445682635849202,,,,,,,,,,,,
Sri Lanka,1990,,11.44327273438772,,,,,,,,,,,
Sri Lanka,1995,,,11.532919872408565,,,,,,,,,,
Sri Lanka,2002,,,,10.810227380745292,,,,,,,,,
Sri Lanka,2006,,,,5.58693280358725,,,,,,,,,
Sri Lanka,2009,,,,3.4658718549469607,,,,,,,,,
Sri Lanka,2012,,,,2.5628788249694,,,,,,,,,
Sri Lanka,2016,,,,1.293147196151488,,,,,,,,,
Sudan,2009,16.09846547954271,,,,,,,,,,,,
Sudan,2014,,14.393210197248344,,,,,,,,,,,
Suriname - urban,1999,,,,,,,5.372041297992404,,,,,,
Sweden,1967,,,,,,,1.0320629400537449,,,,,,
Sweden,1975,,,,,,,,0.255967790780692,,,,,
Sweden,1981,,,,,,,,0.0,,,,,
Sweden,1987,,,,,,,,0.2462548542452288,,,,,
Sweden,1992,,,,,,,,0.2435144998302389,,,,,
Sweden,1995,,,,,,,,0.0,,,,,
Sweden,2000,,,,,,,,0.0,,,,,
Sweden,2003,,,,,,,,,0.0994392976558201,,,,
Sweden,2004,,,,,,,,,0.0616220703525678,,,,
Sweden,2005,,,,,,,,,0.3137690247112488,,,,
Sweden,2006,,,,,,,,,0.1278342999645944,,,,
Sweden,2007,,,,,,,,,0.076212613515474,,,,
Sweden,2008,,,,,,,,,0.1508085405097836,,,,
Sweden,2009,,,,,,,,,0.1238047150539629,,,,
Sweden,2010,,,,,,,,,0.1813475314791036,,,,
Sweden,2011,,,,,,,,,0.2655035927330668,,,,
Sweden,2012,,,,,,,,,0.1366686506906861,,,,
Sweden,2013,,,,,,,,,0.1318072963577791,,,,
Sweden,2014,,,,,,,,,0.1062797348627439,,,,
Sweden,2015,,,,,,,,,0.2665629573721735,,,,
Sweden,2016,,,,,,,,,0.055577474142366,,,,
Sweden,2017,,,,,,,,,0.133380421643203,,,,
Sweden,2018,,,,,,,,,0.0933248185247013,,,,
Sweden,2019,,,,,,,,,0.0871105986474994,,,,
Switzerland,1982,,,,,,,0.2030569950537518,,,,,,
Switzerland,1992,,,,,,,,0.0,,,,,
Switzerland,2000,,,,,,,,,0.0,,,,
Switzerland,2002,,,,,,,,,0.0,,,,
Switzerland,2006,,,,,,,,,,0.0,,,
Switzerland,2007,,,,,,,,,,0.0093760962782062,,,
Switzerland,2008,,,,,,,,,,0.0237065513374979,,,
Switzerland,2009,,,,,,,,,,0.0380560991065016,,,
Switzerland,2010,,,,,,,,,,0.0298278229178128,,,
Switzerland,2011,,,,,,,,,,0.0,,,
Switzerland,2012,,,,,,,,,,0.0089660180413289,,,
Switzerland,2013,,,,,,,,,,0.0421789351079803,,,
Switzerland,2014,,,,,,,,,,0.0327648675624025,,,
Switzerland,2015,,,,,,,,,,0.022155424589696,,,
Switzerland,2016,,,,,,,,,,0.0,,,
Switzerland,2017,,,,,,,,,,0.0,,,
Switzerland,2018,,,,,,,,,,0.0121324886553009,,,
Syria,1996,2.42429451026247,,,,,,,,,,,,
Syria,2003,1.087732829467384,,,,,,,,,,,,
Taiwan,1981,,,,,,,0.0,,,,,,
Taiwan,1986,,,,,,,0.0,,,,,,
Taiwan,1991,,,,,,,0.0,,,,,,
Taiwan,1995,,,,,,,0.2515895280839404,,,,,,
Taiwan,1997,,,,,,,0.0,,,,,,
Taiwan,2000,,,,,,,0.0,,,,,,
Taiwan,2005,,,,,,,0.0,,,,,,
Taiwan,2007,,,,,,,0.0,,,,,,
Taiwan,2010,,,,,,,0.2410064904713947,,,,,,
Taiwan,2013,,,,,,,0.0,,,,,,
Taiwan,2016,,,,,,,0.0,,,,,,
Tajikistan,1999,50.156658927679686,,,,,,,,,,,,
Tajikistan,2003,33.34170036153511,,,,,,,,,,,,
Tajikistan,2004,,19.938172346834644,,,,,,,,,,,
Tajikistan,2007,9.380153417965197,,,,,,,,,,,,
Tajikistan,2009,6.527660401870966,,,,,,,,,,,,
Tajikistan,2015,5.7027432751215725,,,,,,,,,,,,
Tanzania,1991,49.98568309263621,,,,,,,,,,,,
Tanzania,2000,,39.3092851206464,,,,,,,,,,,
Tanzania,2007,,41.85914275943591,,,,,,,,,,,
Tanzania,2011,,39.696614143162165,,,,,,,,,,,
Tanzania,2018,,39.72768030312619,,,,,,,,,,,
Thailand,1981,21.595428771875604,,,,,,,,,,,,
Thailand,1988,18.048383429717376,,,,,,,,,,,,
Thailand,1990,,11.870634982770667,,,,,,,,,,,
Thailand,1992,,8.77822526066611,,,,,,,,,,,
Thailand,1994,,4.451850118746791,,,,,,,,,,,
Thailand,1996,,3.045678052904872,,,,,,,,,,,
Thailand,1998,,2.1616688698239246,,,,,,,,,,,
Thailand,1999,,3.950530549104587,,,,,,,,,,,
Thailand,2000,,,3.916151950357474,,,,,,,,,,
Thailand,2002,,,1.6667272002742417,,,,,,,,,,
Thailand,2004,,,1.1532987237554688,,,,,,,,,,
Thailand,2006,,,0.9262338150145856,,,,,,,,,,
Thailand,2007,,,0.5358974600731703,,,,,,,,,,
Thailand,2008,,,0.3030032024178811,,,,,,,,,,
Thailand,2009,,,0.2468293922813812,,,,,,,,,,
Thailand,2010,,,0.2652383586929462,,,,,,,,,,
Thailand,2011,,,0.0715612559359578,,,,,,,,,,
Thailand,2012,,,0.1153208263303499,,,,,,,,,,
Thailand,2013,,,0.0608222064051842,,,,,,,,,,
Thailand,2014,,,,0.0902588106959525,,,,,,,,,
Thailand,2015,,,,0.0259362944823931,,,,,,,,,
Thailand,2016,,,,0.0361469122677133,,,,,,,,,
Thailand,2017,,,,0.0370886690828845,,,,,,,,,
Thailand,2018,,,,0.0321337992057262,,,,,,,,,
Thailand,2019,,,,0.0950369089200131,,,,,,,,,
Thailand,2020,,,,0.0466647711550854,,,,,,,,,
Timor,2001,21.008328765420867,,,,,,,,,,,,
Timor,2007,17.187385419360318,,,,,,,,,,,,
Timor,2014,7.979423213006872,,,,,,,,,,,,
Togo,2006,42.26552656561883,,,,,,,,,,,,
Togo,2011,34.49608918457251,,,,,,,,,,,,
Togo,2015,35.87995185686183,,,,,,,,,,,,
Togo,2018,,24.46883958172642,,,,,,,,,,,
Tonga,2000,2.9337906535187117,,,,,,,,,,,,
Tonga,2009,,1.1241903038586292,,,,,,,,,,,
Tonga,2015,,1.1043857908315142,,,,,,,,,,,
Trinidad and Tobago,1988,,,,,,,0.0,,,,,,
Trinidad and Tobago,1992,,,,,,,,1.836765223157069,,,,,
Tunisia,1985,11.539444907559632,,,,,,,,,,,,
Tunisia,1990,7.884164882319207,,,,,,,,,,,,
Tunisia,1995,,9.068007977732483,,,,,,,,,,,
Tunisia,2000,,4.228886750751699,,,,,,,,,,,
Tunisia,2005,,,2.433673718765763,,,,,,,,,,
Tunisia,2010,,,1.461762281922043,,,,,,,,,,
Tunisia,2015,,,0.1400632256796116,,,,,,,,,,
Turkey,1987,1.971040448774612,,,,,,,,,,,,
Turkey,1994,2.739929945011492,,,,,,,,,,,,
Turkey,2002,,2.104415514984437,,,,,,,,,,,
Turkey,2003,,3.855589433234696,,,,,,,,,,,
Turkey,2004,,2.013649116644106,,,,,,,,,,,
Turkey,2005,,2.297293800679762,,,,,,,,,,,
Turkey,2006,,1.770227585750816,,,,,,,,,,,
Turkey,2007,,1.3053388890730049,,,,,,,,,,,
Turkey,2008,,0.4799739591572751,,,,,,,,,,,
Turkey,2009,,0.7203896120612092,,,,,,,,,,,
Turkey,2010,,0.7737692174451275,,,,,,,,,,,
Turkey,2011,,0.1295272129418448,,,,,,,,,,,
Turkey,2012,,0.0930609867141044,,,,,,,,,,,
Turkey,2013,,0.2981055602249016,,,,,,,,,,,
Turkey,2014,,0.2046827794366337,,,,,,,,,,,
Turkey,2015,,0.2073477870005217,,,,,,,,,,,
Turkey,2016,,0.2027174269517006,,,,,,,,,,,
Turkey,2017,,0.1386475845694975,,,,,,,,,,,
Turkey,2018,,0.0403970896801303,,,,,,,,,,,
Turkey,2019,,0.3606093937371658,,,,,,,,,,,
Turkmenistan,1998,34.391478645974594,,,,,,,,,,,,
Tuvalu,2010,3.621328771029369,,,,,,,,,,,,
Uganda,1989,35.40275299690551,,,,,,,,,,,,
Uganda,1992,,44.084421723306335,,,,,,,,,,,
Uganda,1996,,45.92466144691888,,,,,,,,,,,
Uganda,1999,,44.41049012465186,,,,,,,,,,,
Uganda,2002,,,44.72578482020749,,,,,,,,,,
Uganda,2005,,,42.74276411534359,,,,,,,,,,
Uganda,2009,,,37.80154630707569,,,,,,,,,,
Uganda,2012,,,31.9737866297054,,,,,,,,,,
Uganda,2016,,,36.06114558808074,,,,,,,,,,
Uganda,2019,,,34.87625940580833,,,,,,,,,,
Ukraine,1992,3.6013549272872307,,,,,,,,,,,,
Ukraine,1993,1.823673034465841,,,,,,,,,,,,
Ukraine,1995,,6.291465422186331,,,,,,,,,,,
Ukraine,1996,,,6.492577040138824,,,,,,,,,,
Ukraine,1999,,,,,,,,,,11.1610963481902,,,
Ukraine,2002,,,,,2.641422732071613,,,,,,,,
Ukraine,2003,,,,,1.0983802735112616,,,,,,,,
Ukraine,2004,,,,,0.929670987459945,,,,,,,,
Ukraine,2005,,,,,0.3968120612490718,,,,,,,,
Ukraine,2006,,,,,0.1604521316738518,,,,,,,,
Ukraine,2007,,,,,0.1020310860040953,,,,,,,,
Ukraine,2008,,,,,0.0268211969993031,,,,,,,,
Ukraine,2009,,,,,0.0693174615317185,,,,,,,,
Ukraine,2010,,,,,0.0125374037450147,,,,,,,,
Ukraine,2011,,,,,0.0113485980838525,,,,,,,,
Ukraine,2012,,,,,0.1138477631229577,,,,,,,,
Ukraine,2013,,,,,0.0044141911144267,,,,,,,,
Ukraine,2014,,,,,0.0122768620137477,,,,,,,,
Ukraine,2015,,,,,0.1232160066488851,,,,,,,,
Ukraine,2016,,,,,0.0983475649295352,,,,,,,,
Ukraine,2017,,,,,0.0322231413503137,,,,,,,,
Ukraine,2018,,,,,0.0099344461018537,,,,,,,,
Ukraine,2019,,,,,0.0,,,,,,,,
Ukraine,2020,,,,,0.0288253959305891,,,,,,,,
United Arab Emirates,2013,,,,,,,0.0,,,,,,
United Kingdom,1969,,,,,,,0.0,,,,,,
United Kingdom,1974,,,,,,,0.2372666933831412,,,,,,
United Kingdom,1979,,,,,,,0.0,,,,,,
United Kingdom,1986,,,,,,,0.5019583497908203,,,,,,
United Kingdom,1991,,,,,,,0.0,,,,,,
United Kingdom,1994,,,,,,,,0.0,,,,,
United Kingdom,1995,,,,,,,0.0,,,,,,
United Kingdom,1996,,,,,,,0.2463667082423953,,,,,,
United Kingdom,1997,,,,,,,0.2472505679909139,,,,,,
United Kingdom,1998,,,,,,,0.0,,,,,,
United Kingdom,1999,,,,,,,,0.0,,,,,
United Kingdom,2000,,,,,,,,0.0,,,,,
United Kingdom,2001,,,,,,,,0.0,,,,,
United Kingdom,2002,,,,,,,,0.0,,,,,
United Kingdom,2003,,,,,,,,0.0,,,,,
United Kingdom,2004,,,,,,,,,0.1356473442438104,,,,
United Kingdom,2005,,,,,,,,,0.1684602125328425,,,,
United Kingdom,2006,,,,,,,,,0.0744936218523827,,,,
United Kingdom,2007,,,,,,,,,0.0852346716732496,,,,
United Kingdom,2008,,,,,,,,,0.0962447697060826,,,,
United Kingdom,2009,,,,,,,,,0.025176523899071,,,,
United Kingdom,2010,,,,,,,,,0.065222830731077,,,,
United Kingdom,2011,,,,,,,,,0.1282856885863012,,,,
United Kingdom,2012,,,,,,,,,0.020348439954245,,,,
United Kingdom,2013,,,,,,,,,0.0704712568822803,,,,
United Kingdom,2014,,,,,,,,,0.1055364934541492,,,,
United Kingdom,2015,,,,,,,,,0.0272036679525265,,,,
United Kingdom,2016,,,,,,,,,0.0668494666788535,,,,
United Kingdom,2017,,,,,,,,,0.1441078478209864,,,,
United States,1974,,,,,,,0.2418636078820129,,,,,,
United States,1979,,,,,,,0.0,,,,,,
United States,1986,,,,,,,0.2499827179104913,,,,,,
United States,1991,,,,,,,0.2504994446223234,,,,,,
United States,1992,,,,,,,0.248505734579789,,,,,,
United States,1993,,,,,,,0.0,,,,,,
United States,1994,,,,,,,0.0,,,,,,
United States,1995,,,,,,,0.0,,,,,,
United States,1996,,,,,,,0.2497598313251223,,,,,,
United States,1997,,,,,,,0.2498681493598183,,,,,,
United States,1998,,,,,,,0.249348568445627,,,,,,
United States,1999,,,,,,,0.2501666427752294,,,,,,
United States,2000,,,,,,,0.2499592335848023,,,,,,
United States,2001,,,,,,,0.0,,,,,,
United States,2002,,,,,,,,0.0,,,,,
United States,2003,,,,,,,,0.2474541087437274,,,,,
United States,2004,,,,,,,,0.2538133719151489,,,,,
United States,2005,,,,,,,,0.2501355262280885,,,,,
United States,2006,,,,,,,,0.2498449024276138,,,,,
United States,2007,,,,,,,,0.2505480781743838,,,,,
United States,2008,,,,,,,,0.0,,,,,
United States,2009,,,,,,,,0.2504926068285822,,,,,
United States,2010,,,,,,,,0.0,,,,,
United States,2011,,,,,,,,0.2524607522437943,,,,,
United States,2012,,,,,,,,0.249066784497713,,,,,
United States,2013,,,,,,,,0.2460457287870139,,,,,
United States,2014,,,,,,,,0.2513989851618283,,,,,
United States,2015,,,,,,,,0.2525180957573247,,,,,
United States,2016,,,,,,,,0.0,,,,,
United States,2017,,,,,,,,0.250803291986327,,,,,
United States,2018,,,,,,,,0.2508195194160888,,,,,
United States,2019,,,,,,,,0.2502114085217196,,,,,
Uruguay,2006,,,,,,,,,,0.5123589531855236,,,
Uruguay,2007,,,,,,,,,,0.3455838412991599,,,
Uruguay,2008,,,,,,,,,,0.1985497366790999,,,
Uruguay,2009,,,,,,,,,,0.2509794977185853,,,
Uruguay,2010,,,,,,,,,,0.1335110305116613,,,
Uruguay,2011,,,,,,,,,,0.1124690776823236,,,
Uruguay,2012,,,,,,,,,,0.14744116189081,,,
Uruguay,2013,,,,,,,,,,0.1517361590541907,,,
Uruguay,2014,,,,,,,,,,0.1343650040480067,,,
Uruguay,2015,,,,,,,,,,0.1225962503659862,,,
Uruguay,2016,,,,,,,,,,0.0671117615260361,,,
Uruguay,2017,,,,,,,,,,0.0471971937747425,,,
Uruguay,2018,,,,,,,,,,0.0227293153083678,,,
Uruguay,2019,,,,,,,,,,0.0761757629347861,,,
Uruguay,2020,,,,,,,,,,,0.1472481861700703,,
Uruguay - urban,1981,,,,,,,0.0,,,,,,
Uruguay - urban,1989,,,,,,,,0.5797215802180148,,,,,
Uruguay - urban,1992,,,,,,,,,0.474843549219435,,,,
Uruguay - urban,1995,,,,,,,,,0.4598668937969523,,,,
Uruguay - urban,1996,,,,,,,,,0.4874294857886743,,,,
Uruguay - urban,1997,,,,,,,,,0.5059297448778808,,,,
Uruguay - urban,1998,,,,,,,,,0.5675709081533246,,,,
Uruguay - urban,2000,,,,,,,,,0.6065297692208237,,,,
Uruguay - urban,2001,,,,,,,,,0.4733004529388902,,,,
Uruguay - urban,2002,,,,,,,,,0.61408534509862,,,,
Uruguay - urban,2003,,,,,,,,,0.7504971983166563,,,,
Uruguay - urban,2004,,,,,,,,,0.9883965217706326,,,,
Uruguay - urban,2005,,,,,,,,,0.8486484917109427,,,,
Uzbekistan,1998,34.47775560267765,,,,,,,,,,,,
Uzbekistan,2000,45.88488219258105,,,,,,,,,,,,
Uzbekistan,2002,53.69139576247881,,,,,,,,,,,,
Uzbekistan,2003,47.87335558801845,,,,,,,,,,,,
Vanuatu,2010,13.540149693500863,,,,,,,,,,,,
Vanuatu,2019,,9.520411361802308,,,,,,,,,,,
Venezuela,1981,,,,,,,6.680370240105738,,,,,,
Venezuela,1987,,,,,,,7.030514843825114,,,,,,
Venezuela,1989,,,,,,,,2.4508837671446506,,,,,
Venezuela,1992,,,,,,,,2.410824871700104,,,,,
Venezuela,1995,,,,,,,,6.826373904768149,,,,,
Venezuela,1998,,,,,,,,5.859304267196861,,,,,
Venezuela,1999,,,,,,,,7.545022954034854,,,,,
Venezuela,2001,,,,,,,,,6.645543696702055,,,,
Venezuela,2002,,,,,,,,,9.815828882774689,,,,
Venezuela,2003,,,,,,,,,11.651059830874155,,,,
Venezuela,2004,,,,,,,,,9.485434899664163,,,,
Venezuela,2005,,,,,,,,,6.021191002194462,,,,
Venezuela,2006,,,,,,,,,3.7548374890457015,,,,
Vietnam,1992,40.693819976804754,,,,,,,,,,,,
Vietnam,1997,23.29416672029683,,,,,,,,,,,,
Vietnam,2002,,28.24875672731337,,,,,,,,,,,
Vietnam,2004,,18.753053637632984,,,,,,,,,,,
Vietnam,2006,,13.997984696908896,,,,,,,,,,,
Vietnam,2008,,10.627101261656772,,,,,,,,,,,
Vietnam,2010,,,2.762777977882893,,,,,,,,,,
Vietnam,2012,,,1.6406619163156924,,,,,,,,,,
Vietnam,2014,,,1.8975051205461333,,,,,,,,,,
Vietnam,2016,,,1.2148096065551168,,,,,,,,,,
Vietnam,2018,,,1.187911044987261,,,,,,,,,,
Yemen,1998,7.707066360954015,,,,,,,,,,,,
Yemen,2005,,10.183521343567966,,,,,,,,,,,
Yemen,2014,,18.593135055961454,,,,,,,,,,,
Zambia,1991,18.920043042869956,,,,,,,,,,,,
Zambia,1993,,28.34367856510796,,,,,,,,,,,
Zambia,1996,,,32.03384676661234,,,,,,,,,,
Zambia,1998,,,,31.366038161150577,,,,,,,,,
Zambia,2002,,,,42.083043800671255,,,,,,,,,
Zambia,2004,,,,30.90209452445107,,,,,,,,,
Zambia,2006,,,,30.78196458903663,,,,,,,,,
Zambia,2010,,,,,31.980107873108203,,,,,,,,
Zambia,2015,,,,,27.021248324083384,,,,,,,,
Zimbabwe,2011,21.228334360788075,,,,,,,,,,,,
Zimbabwe,2017,31.807154222718506,,,,,,,,,,,,
Zimbabwe,2019,32.395478111222495,,,,,,,,,,,,
