Entity,Year,consumption_spell_1,consumption_spell_2,consumption_spell_3,consumption_spell_4,consumption_spell_5,consumption_spell_6,income_spell_1,income_spell_2,income_spell_3,income_spell_4,income_spell_5,income_spell_6,income_spell_7
Albania,1996,2814032.0,,,,,,,,,,,,
Albania,2002,,2619838.0,,,,,,,,,,,
Albania,2005,,2749015.0,,,,,,,,,,,
Albania,2008,,2792564.0,,,,,,,,,,,
Albania,2012,,2721086.0,,,,,,,,,,,
Albania,2014,,,2553517.0,,,,,,,,,,
Albania,2015,,,2745576.0,,,,,,,,,,
Albania,2016,,,2718991.0,,,,,,,,,,
Albania,2017,,,2750337.0,,,,,,,,,,
Albania,2018,,,,2771082.0,,,,,,,,,
Albania,2019,,,,2819981.0,,,,,,,,,
Algeria,1988,18462977.0,,,,,,,,,,,,
Algeria,1995,,21988076.0,,,,,,,,,,,
Algeria,2011,,,35288612.0,,,,,,,,,,
Angola,2000,6610884.0,,,,,,,,,,,,
Angola,2008,,8547090.0,,,,,,,,,,,
Angola,2018,,,8785464.0,,,,,,,,,,
Argentina - urban,1980,,,,,,,22709682.0,,,,,,
Argentina - urban,1986,,,,,,,25628305.0,,,,,,
Argentina - urban,1987,,,,,,,25897684.0,,,,,,
Argentina - urban,1991,,,,,,,,27295933.0,,,,,
Argentina - urban,1992,,,,,,,,27558734.0,,,,,
Argentina - urban,1993,,,,,,,,27714876.0,,,,,
Argentina - urban,1994,,,,,,,,28214772.0,,,,,
Argentina - urban,1995,,,,,,,,27581456.0,,,,,
Argentina - urban,1996,,,,,,,,27399090.0,,,,,
Argentina - urban,1997,,,,,,,,28048365.0,,,,,
Argentina - urban,1998,,,,,,,,27998480.0,,,,,
Argentina - urban,1999,,,,,,,,28200772.0,,,,,
Argentina - urban,2000,,,,,,,,27916605.0,,,,,
Argentina - urban,2001,,,,,,,,26902373.0,,,,,
Argentina - urban,2002,,,,,,,,23522853.0,,,,,
Argentina - urban,2003,,,,,,,,,28238847.0,,,,
Argentina - urban,2004,,,,,,,,,29779499.0,,,,
Argentina - urban,2005,,,,,,,,,31107759.0,,,,
Argentina - urban,2006,,,,,,,,,32323957.0,,,,
Argentina - urban,2007,,,,,,,,,33280292.0,,,,
Argentina - urban,2008,,,,,,,,,33751567.0,,,,
Argentina - urban,2009,,,,,,,,,34461721.0,,,,
Argentina - urban,2010,,,,,,,,,35228918.0,,,,
Argentina - urban,2011,,,,,,,,,36297904.0,,,,
Argentina - urban,2012,,,,,,,,,36698102.0,,,,
Argentina - urban,2013,,,,,,,,,37268724.0,,,,
Argentina - urban,2014,,,,,,,,,37574182.0,,,,
Argentina - urban,2016,,,,,,,,,38516842.0,,,,
Argentina - urban,2017,,,,,,,,,39156081.0,,,,
Argentina - urban,2018,,,,,,,,,39232391.0,,,,
Argentina - urban,2019,,,,,,,,,39368029.0,,,,
Argentina - urban,2020,,,,,,,,,39354460.0,,,,
Armenia,1996,,,,,,,2005961.0,,,,,,
Armenia,1999,,1703843.0,,,,,,,,,,,
Armenia,2001,,1604651.0,,,,,,,,,,,
Armenia,2002,,1706334.0,,,,,,,,,,,
Armenia,2003,,1820147.0,,,,,,,,,,,
Armenia,2004,,2129173.0,,,,,,,,,,,
Armenia,2005,,2400587.0,,,,,,,,,,,
Armenia,2006,,2499340.0,,,,,,,,,,,
Armenia,2007,,2528389.0,,,,,,,,,,,
Armenia,2008,,2637023.0,,,,,,,,,,,
Armenia,2009,,2487159.0,,,,,,,,,,,
Armenia,2010,,2471392.0,,,,,,,,,,,
Armenia,2011,,2498428.0,,,,,,,,,,,
Armenia,2012,,2559401.0,,,,,,,,,,,
Armenia,2013,,2568161.0,,,,,,,,,,,
Armenia,2014,,2580031.0,,,,,,,,,,,
Armenia,2015,,2648729.0,,,,,,,,,,,
Armenia,2016,,2654980.0,,,,,,,,,,,
Armenia,2017,,2706354.0,,,,,,,,,,,
Armenia,2018,,2673407.0,,,,,,,,,,,
Armenia,2019,,,2666522.0,,,,,,,,,,
Armenia,2020,,,2759816.0,,,,,,,,,,
Australia,1981,,,,,,,14740974.0,,,,,,
Australia,1985,,,,,,,,15547315.0,,,,,
Australia,1989,,,,,,,,,16647076.0,,,,
Australia,1995,,,,,,,,,17851232.0,,,,
Australia,2001,,,,,,,,,19220410.0,,,,
Australia,2003,,,,,,,,,19648443.0,,,,
Australia,2004,,,,,,,,,,19983985.0,,,
Australia,2008,,,,,,,,,21106947.0,,,,
Australia,2010,,,,,,,,,,21882452.0,,,
Australia,2014,,,,,,,,,23300929.0,,,,
Australia,2016,,,,,,,,,24070257.0,,,,
Australia,2018,,,,,,,,,24798257.0,,,,
Austria,1987,,,,,,,7574586.0,,,,,,
Austria,1994,,,,,,,,7898833.0,,,,,
Austria,1995,,,,,,,7849203.0,,,,,,
Austria,1997,,,,,,,,7931215.0,,,,,
Austria,2000,,,,,,,,7992209.0,,,,,
Austria,2003,,,,,,,,,8088789.0,,,,
Austria,2004,,,,,,,,,8160311.0,,,,
Austria,2005,,,,,,,,,8211734.0,,,,
Austria,2006,,,,,,,,,8249589.0,,,,
Austria,2007,,,,,,,,,8245817.0,,,,
Austria,2008,,,,,,,,,8273064.0,,,,
Austria,2009,,,,,,,,,8282203.0,,,,
Austria,2010,,,,,,,,,8315297.0,,,,
Austria,2011,,,,,,,,,8343389.0,,,,
Austria,2012,,,,,,,,,8369585.0,,,,
Austria,2013,,,,,,,,,8447887.0,,,,
Austria,2014,,,,,,,,,8517650.0,,,,
Austria,2015,,,,,,,,,8579482.0,,,,
Austria,2016,,,,,,,,,8658667.0,,,,
Austria,2017,,,,,,,,,8762526.0,,,,
Austria,2018,,,,,,,,,8779756.0,,,,
Austria,2019,,,,,,,,,8816646.0,,,,
Azerbaijan,1995,5734917.0,,,,,,,,,,,,
Azerbaijan,2001,,6757885.0,,,,,,,,,,,
Azerbaijan,2002,,8125572.0,,,,,,,,,,,
Azerbaijan,2003,,8159087.0,,,,,,,,,,,
Azerbaijan,2004,,8293578.0,,,,,,,,,,,
Azerbaijan,2005,,8388485.0,,,,,,,,,,,
Bangladesh,1983,14456190.0,,,,,,,,,,,,
Bangladesh,1985,19500400.0,,,,,,,,,,,,
Bangladesh,1988,16969455.0,,,,,,,,,,,,
Bangladesh,1991,,17385222.0,,,,,,,,,,,
Bangladesh,1995,,29022926.0,,,,,,,,,,,
Bangladesh,2000,,,35362232.0,,,,,,,,,,
Bangladesh,2005,,,47594517.0,,,,,,,,,,
Bangladesh,2010,,,59087577.0,,,,,,,,,,
Bangladesh,2016,,,75409463.0,,,,,,,,,,
Belarus,1993,,,,,,,9861886.0,,,,,,
Belarus,1995,,,,,,,9886759.0,,,,,,
Belarus,1998,,6060730.0,,,,,,,,,,,
Belarus,1999,,6523764.0,,,,,,,,,,,
Belarus,2000,,7208624.0,,,,,,,,,,,
Belarus,2001,,8378716.0,,,,,,,,,,,
Belarus,2002,,8737604.0,,,,,,,,,,,
Belarus,2003,,8875794.0,,,,,,,,,,,
Belarus,2004,,9271822.0,,,,,,,,,,,
Belarus,2005,,9406326.0,,,,,,,,,,,
Belarus,2006,,9488243.0,,,,,,,,,,,
Belarus,2007,,9452397.0,,,,,,,,,,,
Belarus,2008,,9478637.0,,,,,,,,,,,
Belarus,2009,,9449886.0,,,,,,,,,,,
Belarus,2010,,9467511.0,,,,,,,,,,,
Belarus,2011,,9456469.0,,,,,,,,,,,
Belarus,2012,,9439165.0,,,,,,,,,,,
Belarus,2013,,9438874.0,,,,,,,,,,,
Belarus,2014,,9448515.0,,,,,,,,,,,
Belarus,2015,,9461076.0,,,,,,,,,,,
Belarus,2016,,9469379.0,,,,,,,,,,,
Belarus,2017,,9456386.0,,,,,,,,,,,
Belarus,2018,,9436707.0,,,,,,,,,,,
Belarus,2019,,9419758.0,,,,,,,,,,,
Belarus,2020,,9377441.0,,,,,,,,,,,
Belgium,1985,,,,,,,9809337.0,,,,,,
Belgium,1988,,,,,,,9828858.0,,,,,,
Belgium,1992,,,,,,,9946386.0,,,,,,
Belgium,1995,,,,,,,,10062893.0,,,,,
Belgium,1997,,,,,,,10131104.0,,,,,,
Belgium,2000,,,,,,,,10183465.0,,,,,
Belgium,2003,,,,,,,,,10329337.0,,,,
Belgium,2004,,,,,,,,,10407799.0,,,,
Belgium,2005,,,,,,,,,10444255.0,,,,
Belgium,2006,,,,,,,,,10525765.0,,,,
Belgium,2007,,,,,,,,,10604810.0,,,,
Belgium,2008,,,,,,,,,10694900.0,,,,
Belgium,2009,,,,,,,,,10779342.0,,,,
Belgium,2010,,,,,,,,,10873909.0,,,,
Belgium,2011,,,,,,,,,11006270.0,,,,
Belgium,2012,,,,,,,,,11081241.0,,,,
Belgium,2013,,,,,,,,,11134656.0,,,,
Belgium,2014,,,,,,,,,11194882.0,,,,
Belgium,2015,,,,,,,,,11252193.0,,,,
Belgium,2016,,,,,,,,,11321607.0,,,,
Belgium,2017,,,,,,,,,11349436.0,,,,
Belgium,2018,,,,,,,,,11416798.0,,,,
Belgium,2019,,,,,,,,,11474139.0,,,,
Belize,1993,,,,,,,148731.0,,,,,,
Belize,1994,,,,,,,148610.0,,,,,,
Belize,1995,,161569.0,,,,,,,,,,,
Belize,1996,,,,,,,,,146720.0,,,,
Belize,1997,,,,,,,144484.0,,,,,,
Belize,1998,,,,,,,153980.0,,,,,,
Belize,1999,,,,,,,172780.0,,,,,,
Benin,2003,1517745.0,,,,,,,,,,,,
Benin,2011,,2198229.0,,,,,,,,,,,
Benin,2015,,2512052.0,,,,,,,,,,,
Benin,2018,,,5597965.0,,,,,,,,,,
Bhutan,2003,343412.0,,,,,,,,,,,,
Bhutan,2007,,461318.0,,,,,,,,,,,
Bhutan,2012,,598174.0,,,,,,,,,,,
Bhutan,2017,,654972.0,,,,,,,,,,,
Bolivia,1997,,,,,,,,5401581.0,,,,,
Bolivia,1999,,,,,,,,,5113431.0,,,,
Bolivia,2000,,,,,,,,,4937470.0,,,,
Bolivia,2001,,,,,,,,,,5485309.0,,,
Bolivia,2002,,,,,,,,,,,5398963.0,,
Bolivia,2004,,,,,,,,,,,6444010.0,,
Bolivia,2005,,,,,,,,,,,6281695.0,,
Bolivia,2006,,,,,,,,,,,6714752.0,,
Bolivia,2007,,,,,,,,,,,7041803.0,,
Bolivia,2008,,,,,,,,,,,7775840.0,,
Bolivia,2009,,,,,,,,,,,8079276.0,,
Bolivia,2011,,,,,,,,,,,8787663.0,,
Bolivia,2012,,,,,,,,,,,8861740.0,,
Bolivia,2013,,,,,,,,,,,9258032.0,,
Bolivia,2014,,,,,,,,,,,9412054.0,,
Bolivia,2015,,,,,,,,,,,9606482.0,,
Bolivia,2016,,,,,,,,,,,9585684.0,,
Bolivia,2017,,,,,,,,,,,9803007.0,,
Bolivia,2018,,,,,,,,,,,10109194.0,,
Bolivia,2019,,,,,,,,,,,10612281.0,,
Bolivia,2020,,,,,,,,,,,10627098.0,,
Bolivia - urban,1990,,,,,,,2912503.0,,,,,,
Bolivia - urban,1992,,,,,,,2593263.0,,,,,,
Bosnia and Herzegovina,2001,3720461.0,,,,,,,,,,,,
Bosnia and Herzegovina,2004,3740036.0,,,,,,,,,,,,
Bosnia and Herzegovina,2007,,3746871.0,,,,,,,,,,,
Bosnia and Herzegovina,2011,,3634903.0,,,,,,,,,,,
Botswana,1985,404570.0,,,,,,,,,,,,
Botswana,1993,639449.0,,,,,,,,,,,,
Botswana,2002,,873806.0,,,,,,,,,,,
Botswana,2009,,1260092.0,,,,,,,,,,,
Botswana,2015,,1347184.0,,,,,,,,,,,
Brazil,1981,,,,,,,75373231.0,,,,,,
Brazil,1982,,,,,,,77162800.0,,,,,,
Brazil,1983,,,,,,,68476073.0,,,,,,
Brazil,1984,,,,,,,70916082.0,,,,,,
Brazil,1985,,,,,,,79164055.0,,,,,,
Brazil,1986,,,,,,,106094225.0,,,,,,
Brazil,1987,,,,,,,94346721.0,,,,,,
Brazil,1988,,,,,,,92326060.0,,,,,,
Brazil,1989,,,,,,,98024539.0,,,,,,
Brazil,1990,,,,,,,91920892.0,,,,,,
Brazil,1992,,,,,,,97034738.0,,,,,,
Brazil,1993,,,,,,,99976500.0,,,,,,
Brazil,1995,,,,,,,118621030.0,,,,,,
Brazil,1996,,,,,,,119787342.0,,,,,,
Brazil,1997,,,,,,,121225417.0,,,,,,
Brazil,1998,,,,,,,126811185.0,,,,,,
Brazil,1999,,,,,,,125702839.0,,,,,,
Brazil,2001,,,,,,,135885572.0,,,,,,
Brazil,2002,,,,,,,139514514.0,,,,,,
Brazil,2003,,,,,,,139365206.0,,,,,,
Brazil,2004,,,,,,,144581988.0,,,,,,
Brazil,2005,,,,,,,149693197.0,,,,,,
Brazil,2006,,,,,,,156249933.0,,,,,,
Brazil,2007,,,,,,,160544325.0,,,,,,
Brazil,2008,,,,,,,166270092.0,,,,,,
Brazil,2009,,,,,,,169846728.0,,,,,,
Brazil,2011,,,,,,,177384561.0,,,,,,
Brazil,2012,,,,,,,,180767714.0,,,,,
Brazil,2013,,,,,,,,184729959.0,,,,,
Brazil,2014,,,,,,,,187878634.0,,,,,
Brazil,2015,,,,,,,,187993285.0,,,,,
Brazil,2016,,,,,,,,187067139.0,,,,,
Brazil,2017,,,,,,,,188087181.0,,,,,
Brazil,2018,,,,,,,,189447189.0,,,,,
Brazil,2019,,,,,,,,190898390.0,,,,,
Brazil,2020,,,,,,,,203400365.0,,,,,
Bulgaria,1989,8869042.0,,,,,,,,,,,,
Bulgaria,1992,,,,,,,,8540164.0,,,,,
Bulgaria,1994,8390706.0,,,,,,,,,,,,
Bulgaria,1995,,,,8150810.0,,,,,,,,,
Bulgaria,1997,,,7800967.0,,,,,,,,,,
Bulgaria,2001,,,,7388511.0,,,,,,,,,
Bulgaria,2003,,,,,7424067.0,,,,,,,,
Bulgaria,2006,,,,,,,,,,,,6763867.0,
Bulgaria,2007,,,,,7348240.0,,,,,,,,
Bulgaria,2008,,,,,,,,,,,,7240242.0,
Bulgaria,2009,,,,,,,,,,,,7227427.0,
Bulgaria,2010,,,,,,,,,,,,7069085.0,
Bulgaria,2011,,,,,,,,,,,,6977850.0,
Bulgaria,2012,,,,,,,,,,,,6913201.0,
Bulgaria,2013,,,,,,,,,,,,6902572.0,
Bulgaria,2014,,,,,,,,,,,,6942622.0,
Bulgaria,2015,,,,,,,,,,,,,6749477.0
Bulgaria,2016,,,,,,,,,,,,,6800811.0
Bulgaria,2017,,,,,,,,,,,,,6839250.0
Bulgaria,2018,,,,,,,,,,,,,6873406.0
Bulgaria,2019,,,,,,,,,,,,,6791865.0
Burkina Faso,1994,700555.0,,,,,,,,,,,,
Burkina Faso,1998,,943485.0,,,,,,,,,,,
Burkina Faso,2003,,2471330.0,,,,,,,,,,,
Burkina Faso,2009,,,2762613.0,,,,,,,,,,
Burkina Faso,2014,,,,4098721.0,,,,,,,,,
Burkina Faso,2018,,,,,7543540.0,,,,,,,,
Burundi,1992,280196.0,,,,,,,,,,,,
Burundi,1998,,282543.0,,,,,,,,,,,
Burundi,2006,,522270.0,,,,,,,,,,,
Burundi,2013,,987990.0,,,,,,,,,,,
Cameroon,1996,3443242.0,,,,,,,,,,,,
Cameroon,2001,,7042477.0,,,,,,,,,,,
Cameroon,2007,,7786227.0,,,,,,,,,,,
Cameroon,2014,,12030855.0,,,,,,,,,,,
Canada,1971,,,,,,,21303746.0,,,,,,
Canada,1975,,,,,,,22854548.0,,,,,,
Canada,1981,,,,,,,24634231.0,,,,,,
Canada,1987,,,,,,,26388128.0,,,,,,
Canada,1991,,,,,,,27976418.0,,,,,,
Canada,1994,,,,,,,28928700.0,,,,,,
Canada,1997,,,,,,,29756637.0,,,,,,
Canada,1998,,,,,,,,30004604.0,,,,,
Canada,2000,,,,,,,,30532565.0,,,,,
Canada,2004,,,,,,,,31862861.0,,,,,
Canada,2007,,,,,,,,32807377.0,,,,,
Canada,2010,,,,,,,,33920274.0,,,,,
Canada,2012,,,,,,,,34628644.0,,,,,
Canada,2013,,,,,,,,34908772.0,,,,,
Canada,2014,,,,,,,,35262027.0,,,,,
Canada,2015,,,,,,,,35525851.0,,,,,
Canada,2016,,,,,,,,35929007.0,,,,,
Canada,2017,,,,,,,,36363525.0,,,,,
Cape Verde,2001,269848.0,,,,,,,,,,,,
Cape Verde,2007,,347440.0,,,,,,,,,,,
Cape Verde,2015,,,444171.0,,,,,,,,,,
Central African Republic,1992,230825.0,,,,,,,,,,,,
Central African Republic,2008,,731200.0,,,,,,,,,,,
Chad,2003,1525502.0,,,,,,,,,,,,
Chad,2011,4165453.0,,,,,,,,,,,,
Chad,2018,,5194334.0,,,,,,,,,,,
Chile,1987,,,,,,,9055559.0,,,,,,
Chile,1990,,,,,,,10322027.0,,,,,,
Chile,1992,,,,,,,11489463.0,,,,,,
Chile,1994,,,,,,,12017993.0,,,,,,
Chile,1996,,,,,,,12809242.0,,,,,,
Chile,1998,,,,,,,13313590.0,,,,,,
Chile,2000,,,,,,,13485739.0,,,,,,
Chile,2003,,,,,,,14071468.0,,,,,,
Chile,2006,,,,,,,,15478547.0,,,,,
Chile,2009,,,,,,,,16210177.0,,,,,
Chile,2011,,,,,,,,16788904.0,,,,,
Chile,2013,,,,,,,,17341660.0,,,,,
Chile,2015,,,,,,,,17785110.0,,,,,
Chile,2017,,,,,,,,18344135.0,,,,,
Chile,2020,,,,,,,,18855915.0,,,,,
China,1981,,,,,,,6804919.0,,,,,,
China,1984,,,,,,,38326420.0,,,,,,
China,1987,,,,,,,106373504.0,,,,,,
China,1990,,113172949.0,,,,,,,,,,,
China,1993,,195704304.0,,,,,,,,,,,
China,1996,,329544207.0,,,,,,,,,,,
China,1999,,396344222.0,,,,,,,,,,,
China,2002,,541234249.0,,,,,,,,,,,
China,2005,,740149321.0,,,,,,,,,,,
China,2008,,865374758.0,,,,,,,,,,,
China,2010,,955526263.0,,,,,,,,,,,
China,2011,,1028467095.0,,,,,,,,,,,
China,2012,,1080488154.0,,,,,,,,,,,
China,2013,,,1198087195.0,,,,,,,,,,
China,2014,,,1241326697.0,,,,,,,,,,
China,2015,,,1283519100.0,,,,,,,,,,
China,2016,,,1312826794.0,,,,,,,,,,
China,2017,,,1331770555.0,,,,,,,,,,
China,2018,,,1358476738.0,,,,,,,,,,
China,2019,,,1384223966.0,,,,,,,,,,
China - rural,1981,,,,,,,647557.0,,,,,,
China - rural,1984,,,,,,,23173849.0,,,,,,
China - rural,1987,,,,,,,52379214.0,,,,,,
China - rural,1990,,41332546.0,,,,,,,,,,,
China - rural,1993,,57541804.0,,,,,,,,,,,
China - rural,1996,,126554969.0,,,,,,,,,,,
China - rural,1999,,127606606.0,,,,,,,,,,,
China - rural,2002,,169981833.0,,,,,,,,,,,
China - rural,2005,,271763004.0,,,,,,,,,,,
China - rural,2008,,303127297.0,,,,,,,,,,,
China - rural,2010,,333981931.0,,,,,,,,,,,
China - rural,2011,,378496966.0,,,,,,,,,,,
China - rural,2012,,402661310.0,,,,,,,,,,,
China - rural,2013,,,503204537.0,,,,,,,,,,
China - rural,2014,,,521753669.0,,,,,,,,,,
China - rural,2015,,,535438356.0,,,,,,,,,,
China - rural,2016,,,538213680.0,,,,,,,,,,
China - rural,2017,,,534901531.0,,,,,,,,,,
China - rural,2018,,,538115856.0,,,,,,,,,,
China - rural,2019,,,541180249.0,,,,,,,,,,
China - urban,1981,,,,,,,6157362.0,,,,,,
China - urban,1984,,,,,,,15152571.0,,,,,,
China - urban,1987,,,,,,,53994290.0,,,,,,
China - urban,1990,,71840403.0,,,,,,,,,,,
China - urban,1993,,138162500.0,,,,,,,,,,,
China - urban,1996,,202989238.0,,,,,,,,,,,
China - urban,1999,,268737616.0,,,,,,,,,,,
China - urban,2002,,371252416.0,,,,,,,,,,,
China - urban,2005,,468386317.0,,,,,,,,,,,
China - urban,2008,,562247461.0,,,,,,,,,,,
China - urban,2010,,621544332.0,,,,,,,,,,,
China - urban,2011,,649970129.0,,,,,,,,,,,
China - urban,2012,,677826844.0,,,,,,,,,,,
China - urban,2013,,,694882657.0,,,,,,,,,,
China - urban,2014,,,719573029.0,,,,,,,,,,
China - urban,2015,,,748080744.0,,,,,,,,,,
China - urban,2016,,,774613114.0,,,,,,,,,,
China - urban,2017,,,796869024.0,,,,,,,,,,
China - urban,2018,,,820360882.0,,,,,,,,,,
China - urban,2019,,,843043716.0,,,,,,,,,,
Colombia,1992,,,,,,,,26487930.0,,,,,
Colombia,1996,,,,,,,,25060799.0,,,,,
Colombia,1999,,,,,,,,24816039.0,,,,,
Colombia,2000,,,,,,,,27202089.0,,,,,
Colombia,2001,,,,,,,,,25076440.0,,,,
Colombia,2002,,,,,,,,,29213693.0,,,,
Colombia,2003,,,,,,,,,30006399.0,,,,
Colombia,2004,,,,,,,,,30762151.0,,,,
Colombia,2005,,,,,,,,,32469252.0,,,,
Colombia,2008,,,,,,,,,,34234399.0,,,
Colombia,2009,,,,,,,,,,35508136.0,,,
Colombia,2010,,,,,,,,,,36864882.0,,,
Colombia,2011,,,,,,,,,,38109062.0,,,
Colombia,2012,,,,,,,,,,38892238.0,,,
Colombia,2013,,,,,,,,,,39883849.0,,,
Colombia,2014,,,,,,,,,,40776627.0,,,
Colombia,2015,,,,,,,,,,41851742.0,,,
Colombia,2016,,,,,,,,,,42470589.0,,,
Colombia,2017,,,,,,,,,,43498868.0,,,
Colombia,2018,,,,,,,,,,44124212.0,,,
Colombia,2019,,,,,,,,,,43922179.0,,,
Colombia,2020,,,,,,,,,,40756729.0,,,
Colombia - urban,1980,,,,,,,11073777.0,,,,,,
Colombia - urban,1988,,,,,,,,15713988.0,,,,,
Colombia - urban,1989,,,,,,,,16141515.0,,,,,
Colombia - urban,1991,,,,,,,,17537054.0,,,,,
Comoros,2004,374062.0,,,,,,,,,,,,
Comoros,2014,,458033.0,,,,,,,,,,,
Congo,2005,863958.0,,,,,,,,,,,,
Congo,2011,1575551.0,,,,,,,,,,,,
Costa Rica,1981,,,,,,,1397471.0,,,,,,
Costa Rica,1986,,,,,,,2041625.0,,,,,,
Costa Rica,1989,,,,,,,,2417724.0,,,,,
Costa Rica,1990,,,,,,,,2504153.0,,,,,
Costa Rica,1991,,,,,,,,2442288.0,,,,,
Costa Rica,1992,,,,,,,,2612648.0,,,,,
Costa Rica,1993,,,,,,,,2818927.0,,,,,
Costa Rica,1994,,,,,,,,2976875.0,,,,,
Costa Rica,1995,,,,,,,,3030611.0,,,,,
Costa Rica,1996,,,,,,,,3014377.0,,,,,
Costa Rica,1997,,,,,,,,3194339.0,,,,,
Costa Rica,1998,,,,,,,,3369011.0,,,,,
Costa Rica,1999,,,,,,,,3366661.0,,,,,
Costa Rica,2000,,,,,,,,3411159.0,,,,,
Costa Rica,2001,,,,,,,,3594049.0,,,,,
Costa Rica,2002,,,,,,,,3693816.0,,,,,
Costa Rica,2003,,,,,,,,3752382.0,,,,,
Costa Rica,2004,,,,,,,,3829746.0,,,,,
Costa Rica,2005,,,,,,,,3941833.0,,,,,
Costa Rica,2006,,,,,,,,4002485.0,,,,,
Costa Rica,2007,,,,,,,,4168278.0,,,,,
Costa Rica,2008,,,,,,,,4222503.0,,,,,
Costa Rica,2009,,,,,,,,4263309.0,,,,,
Costa Rica,2010,,,,,,,,,4400447.0,,,,
Costa Rica,2011,,,,,,,,,4434348.0,,,,
Costa Rica,2012,,,,,,,,,4496951.0,,,,
Costa Rica,2013,,,,,,,,,4550794.0,,,,
Costa Rica,2014,,,,,,,,,4603603.0,,,,
Costa Rica,2015,,,,,,,,,4650524.0,,,,
Costa Rica,2016,,,,,,,,,4714116.0,,,,
Costa Rica,2017,,,,,,,,,4810699.0,,,,
Costa Rica,2018,,,,,,,,,4816679.0,,,,
Costa Rica,2019,,,,,,,,,4883507.0,,,,
Costa Rica,2020,,,,,,,,,4804102.0,,,,
Cote d'Ivoire,1985,7876253.0,,,,,,,,,,,,
Cote d'Ivoire,1986,8129987.0,,,,,,,,,,,,
Cote d'Ivoire,1987,7680803.0,,,,,,,,,,,,
Cote d'Ivoire,1988,7111834.0,,,,,,,,,,,,
Cote d'Ivoire,1992,,6232928.0,,,,,,,,,,,
Cote d'Ivoire,1995,,6982654.0,,,,,,,,,,,
Cote d'Ivoire,1998,,6135011.0,,,,,,,,,,,
Cote d'Ivoire,2002,,,7222015.0,,,,,,,,,,
Cote d'Ivoire,2008,,,8028148.0,,,,,,,,,,
Cote d'Ivoire,2015,,,9498759.0,,,,,,,,,,
Cote d'Ivoire,2018,,,,16328001.0,,,,,,,,,
Croatia,1998,,4532135.0,,,,,,,,,,,
Croatia,1999,,,4489290.0,,,,,,,,,,
Croatia,2000,,,4456676.0,,,,,,,,,,
Croatia,2001,,,4287143.0,,,,,,,,,,
Croatia,2004,,4298331.0,,,,,,,,,,,
Croatia,2008,,4304328.0,,,,,,,,,,,
Croatia,2009,,4301565.0,,,,,,,,,,,
Croatia,2010,,4293245.0,,,,,,,,,,,
Croatia,2011,,,,,,,,,,4198360.0,,,
Croatia,2012,,,,,,,,,,4173723.0,,,
Croatia,2013,,,,,,,,,,4168577.0,,,
Croatia,2014,,,,,,,,,,4163165.0,,,
Croatia,2015,,,,,,,,,,4149320.0,,,
Croatia,2016,,,,,,,,,,4120832.0,,,
Croatia,2017,,,,,,,,,,4078872.0,,,
Croatia,2018,,,,,,,,,,4057198.0,,,
Croatia,2019,,,,,,,,,,4040370.0,,,
Cyprus,2004,,,,,,,1009460.0,,,,,,
Cyprus,2005,,,,,,,1027101.0,,,,,,
Cyprus,2006,,,,,,,1045181.0,,,,,,
Cyprus,2007,,,,,,,1063440.0,,,,,,
Cyprus,2008,,,,,,,1081476.0,,,,,,
Cyprus,2009,,,,,,,1096790.0,,,,,,
Cyprus,2010,,,,,,,1111529.0,,,,,,
Cyprus,2011,,,,,,,1124476.0,,,,,,
Cyprus,2012,,,,,,,1134810.0,,,,,,
Cyprus,2013,,,,,,,1141703.0,,,,,,
Cyprus,2014,,,,,,,1150468.0,,,,,,
Cyprus,2015,,,,,,,1159935.0,,,,,,
Cyprus,2016,,,,,,,1169127.0,,,,,,
Cyprus,2017,,,,,,,1179080.0,,,,,,
Cyprus,2018,,,,,,,1188332.0,,,,,,
Cyprus,2019,,,,,,,1195906.0,,,,,,
Czechia,1992,,,,,,,10319123.0,,,,,,
Czechia,1993,,,,,,,10325670.0,,,,,,
Czechia,1996,,,,,,,10289565.0,,,,,,
Czechia,2002,,,,,,,10196916.0,,,,,,
Czechia,2004,,,,,,,,10194191.0,,,,,
Czechia,2005,,,,,,,,10205315.0,,,,,
Czechia,2006,,,,,,,,10231151.0,,,,,
Czechia,2007,,,,,,,,10278104.0,,,,,
Czechia,2008,,,,,,,,10371847.0,,,,,
Czechia,2009,,,,,,,,10437663.0,,,,,
Czechia,2010,,,,,,,,10461630.0,,,,,
Czechia,2011,,,,,,,,10485916.0,,,,,
Czechia,2012,,,,,,,,10481944.0,,,,,
Czechia,2013,,,,,,,,10508338.0,,,,,
Czechia,2014,,,,,,,,10518563.0,,,,,
Czechia,2015,,,,,,,,10543721.0,,,,,
Czechia,2016,,,,,,,,10557899.0,,,,,
Czechia,2017,,,,,,,,10581856.0,,,,,
Czechia,2018,,,,,,,,10624740.0,,,,,
Czechia,2019,,,,,,,,10671870.0,,,,,
Democratic Republic of Congo,2004,786099.0,,,,,,,,,,,,
Democratic Republic of Congo,2012,5959784.0,,,,,,,,,,,,
Denmark,1987,,,,,,,5088671.0,,,,,,
Denmark,1992,,,,,,,5132752.0,,,,,,
Denmark,1995,,,,,,,5220427.0,,,,,,
Denmark,2000,,,,,,,5339616.0,,,,,,
Denmark,2003,,,,,,,,5370690.0,,,,,
Denmark,2004,,,,,,,,5386625.0,,,,,
Denmark,2005,,,,,,,,5404358.0,,,,,
Denmark,2006,,,,,,,,5425501.0,,,,,
Denmark,2007,,,,,,,,5442559.0,,,,,
Denmark,2008,,,,,,,,5473590.0,,,,,
Denmark,2009,,,,,,,,5491842.0,,,,,
Denmark,2010,,,,,,,,5540000.0,,,,,
Denmark,2011,,,,,,,,5570572.0,,,,,
Denmark,2012,,,,,,,,5591572.0,,,,,
Denmark,2013,,,,,,,,5597474.0,,,,,
Denmark,2014,,,,,,,,5629743.0,,,,,
Denmark,2015,,,,,,,,5671277.0,,,,,
Denmark,2016,,,,,,,,5710833.0,,,,,
Denmark,2017,,,,,,,,5755118.0,,,,,
Denmark,2018,,,,,,,,5780512.0,,,,,
Denmark,2019,,,,,,,,5794891.0,,,,,
Djibouti,2002,393540.0,,,,,,,,,,,,
Djibouti,2012,,538043.0,,,,,,,,,,,
Djibouti,2013,,,492469.0,,,,,,,,,,
Djibouti,2017,,,,568291.0,,,,,,,,,
Dominican Republic,1986,,,,,,,5672015.0,,,,,,
Dominican Republic,1989,,,,,,,,4767371.0,,,,,
Dominican Republic,1992,,,,,,,,,6029662.0,,,,
Dominican Republic,1996,,,,,,,,,,6833047.0,,,
Dominican Republic,1997,,,,,,,,,,7019464.0,,,
Dominican Republic,2000,,,,,,,,,,7344015.0,,,
Dominican Republic,2001,,,,,,,,,,,7503557.0,,
Dominican Republic,2002,,,,,,,,,,,7460592.0,,
Dominican Republic,2003,,,,,,,,,,,7276243.0,,
Dominican Republic,2004,,,,,,,,,,,6868710.0,,
Dominican Republic,2005,,,,,,,,,,,,7535172.0,
Dominican Republic,2006,,,,,,,,,,,,7886326.0,
Dominican Republic,2007,,,,,,,,,,,,8030563.0,
Dominican Republic,2008,,,,,,,,,,,,8073729.0,
Dominican Republic,2009,,,,,,,,,,,,8325682.0,
Dominican Republic,2010,,,,,,,,,,,,8455662.0,
Dominican Republic,2011,,,,,,,,,,,,8788914.0,
Dominican Republic,2012,,,,,,,,,,,,8829660.0,
Dominican Republic,2013,,,,,,,,,,,,9038036.0,
Dominican Republic,2014,,,,,,,,,,,,9373497.0,
Dominican Republic,2015,,,,,,,,,,,,9620367.0,
Dominican Republic,2016,,,,,,,,,,,,9783971.0,
Dominican Republic,2017,,,,,,,,,,,,,10117458.0
Dominican Republic,2018,,,,,,,,,,,,,10351031.0
Dominican Republic,2019,,,,,,,,,,,,,10449395.0
Dominican Republic,2020,,,,,,,,,,,,,10414784.0
Ecuador,1994,,,,,,,,7294567.0,,,,,
Ecuador,1999,,,,,,,,,,7423954.0,,,
Ecuador,2000,,,,,,,,,,,6339528.0,,
Ecuador,2003,,,,,,,,,,,9293747.0,,
Ecuador,2004,,,,,,,,,,,9255776.0,,
Ecuador,2005,,,,,,,,,,,10323619.0,,
Ecuador,2006,,,,,,,,,,,11259687.0,,
Ecuador,2007,,,,,,,,,,,,11525927.0,
Ecuador,2008,,,,,,,,,,,,11871316.0,
Ecuador,2009,,,,,,,,,,,,12212459.0,
Ecuador,2010,,,,,,,,,,,,12770662.0,
Ecuador,2011,,,,,,,,,,,,13381920.0,
Ecuador,2012,,,,,,,,,,,,13698771.0,
Ecuador,2013,,,,,,,,,,,,14127987.0,
Ecuador,2014,,,,,,,,,,,,14580328.0,
Ecuador,2015,,,,,,,,,,,,14681251.0,
Ecuador,2016,,,,,,,,,,,,14941148.0,
Ecuador,2017,,,,,,,,,,,,15324301.0,
Ecuador,2018,,,,,,,,,,,,15432734.0,
Ecuador,2019,,,,,,,,,,,,15670260.0,
Ecuador,2020,,,,,,,,,,,,15134431.0,
Ecuador - urban,1987,,,,,,,3391389.0,,,,,,
Ecuador - urban,1995,,,,,,,,,4466766.0,,,,
Ecuador - urban,1998,,,,,,,,,,4645709.0,,,
Egypt,1990,33406829.0,,,,,,,,,,,,
Egypt,1995,36431480.0,,,,,,,,,,,,
Egypt,1999,,49487957.0,,,,,,,,,,,
Egypt,2004,,,47892578.0,,,,,,,,,,
Egypt,2008,,,52985728.0,,,,,,,,,,
Egypt,2010,,,,63178149.0,,,,,,,,,
Egypt,2012,,,,70009443.0,,,,,,,,,
Egypt,2015,,,,75656375.0,,,,,,,,,
Egypt,2017,,,,68582129.0,,,,,,,,,
El Salvador,1989,,,,,,,3575223.0,,,,,,
El Salvador,1991,,,,,,,,3353553.0,,,,,
El Salvador,1995,,,,,,,,4073561.0,,,,,
El Salvador,1996,,,,,,,,4028146.0,,,,,
El Salvador,1998,,,,,,,,3877296.0,,,,,
El Salvador,1999,,,,,,,,4148047.0,,,,,
El Salvador,2000,,,,,,,,4457138.0,,,,,
El Salvador,2001,,,,,,,,4388944.0,,,,,
El Salvador,2002,,,,,,,,4398885.0,,,,,
El Salvador,2003,,,,,,,,4361370.0,,,,,
El Salvador,2004,,,,,,,,4643220.0,,,,,
El Salvador,2005,,,,,,,,4651578.0,,,,,
El Salvador,2006,,,,,,,,4914171.0,,,,,
El Salvador,2007,,,,,,,,5172731.0,,,,,
El Salvador,2008,,,,,,,,4915743.0,,,,,
El Salvador,2009,,,,,,,,4962592.0,,,,,
El Salvador,2010,,,,,,,,5049310.0,,,,,
El Salvador,2011,,,,,,,,5172652.0,,,,,
El Salvador,2012,,,,,,,,5322293.0,,,,,
El Salvador,2013,,,,,,,,5467351.0,,,,,
El Salvador,2014,,,,,,,,5512120.0,,,,,
El Salvador,2015,,,,,,,,5679430.0,,,,,
El Salvador,2016,,,,,,,,5676201.0,,,,,
El Salvador,2017,,,,,,,,5832766.0,,,,,
El Salvador,2018,,,,,,,,5908901.0,,,,,
El Salvador,2019,,,,,,,,6086642.0,,,,,
Estonia,1993,,,,,,,1412102.0,,,,,,
Estonia,1995,,1369337.0,,,,,,,,,,,
Estonia,1998,,1347107.0,,,,,,,,,,,
Estonia,2000,,,1324757.0,,,,,,,,,,
Estonia,2001,,,1318764.0,,,,,,,,,,
Estonia,2002,,,1312204.0,,,,,,,,,,
Estonia,2003,,,1298288.0,,,,,,,,,,
Estonia,2004,,,1324587.0,,,,,,,,,,
Estonia,2005,,,,,,,,,,1332521.0,,,
Estonia,2006,,,,,,,,,,1328889.0,,,
Estonia,2007,,,,,,,,,,1330565.0,,,
Estonia,2008,,,,,,,,,,1327207.0,,,
Estonia,2009,,,,,,,,,,1320319.0,,,
Estonia,2010,,,,,,,,,,1310691.0,,,
Estonia,2011,,,,,,,,,,1306336.0,,,
Estonia,2012,,,,,,,,,,1304984.0,,,
Estonia,2013,,,,,,,,,,1298795.0,,,
Estonia,2014,,,,,,,,,,1298972.0,,,
Estonia,2015,,,,,,,,,,1303373.0,,,
Estonia,2016,,,,,,,,,,1306992.0,,,
Estonia,2017,,,,,,,,,,1310379.0,,,
Estonia,2018,,,,,,,,,,1315734.0,,,
Estonia,2019,,,,,,,,,,1316075.0,,,
Eswatini,1994,71713.0,,,,,,,,,,,,
Eswatini,2000,,281854.0,,,,,,,,,,,
Eswatini,2009,,368702.0,,,,,,,,,,,
Eswatini,2016,,533268.0,,,,,,,,,,,
Ethiopia,1995,,6503950.0,,,,,,,,,,,
Ethiopia,1999,,6961209.0,,,,,,,,,,,
Ethiopia,2004,,15022842.0,,,,,,,,,,,
Ethiopia,2010,,22230299.0,,,,,,,,,,,
Ethiopia,2015,,31319497.0,,,,,,,,,,,
Ethiopia - rural,1981,2298589.0,,,,,,,,,,,,
Fiji,2002,699772.0,,,,,,,,,,,,
Fiji,2008,753328.0,,,,,,,,,,,,
Fiji,2013,801068.0,,,,,,,,,,,,
Fiji,2019,,760921.0,,,,,,,,,,,
Finland,1987,,,,,,,4932123.0,,,,,,
Finland,1991,,,,,,,5013740.0,,,,,,
Finland,1995,,,,,,,5107790.0,,,,,,
Finland,2000,,,,,,,5176209.0,,,,,,
Finland,2003,,,,,,,,5208593.0,,,,,
Finland,2004,,,,,,,,5224515.0,,,,,
Finland,2005,,,,,,,,5240646.0,,,,,
Finland,2006,,,,,,,,5261292.0,,,,,
Finland,2007,,,,,,,,5283542.0,,,,,
Finland,2008,,,,,,,,5306643.0,,,,,
Finland,2009,,,,,,,,5335504.0,,,,,
Finland,2010,,,,,,,,5359646.0,,,,,
Finland,2011,,,,,,,,5384861.0,,,,,
Finland,2012,,,,,,,,5411017.0,,,,,
Finland,2013,,,,,,,,5434001.0,,,,,
Finland,2014,,,,,,,,5457325.0,,,,,
Finland,2015,,,,,,,,5473805.0,,,,,
Finland,2016,,,,,,,,5490781.0,,,,,
Finland,2017,,,,,,,,5503510.0,,,,,
Finland,2018,,,,,,,,5509352.0,,,,,
Finland,2019,,,,,,,,5516086.0,,,,,
France,1978,,,,,,,53875970.0,,,,,,
France,1984,,,,,,,55214472.0,,,,,,
France,1989,,,,,,,57219381.0,,,,,,
France,1994,,,,,,,59179242.0,,,,,,
France,2000,,,,,,,60763419.0,,,,,,
France,2003,,,,,,,,62119944.0,,,,,
France,2004,,,,,,,,62635284.0,,,,,
France,2005,,,,,,,,63145934.0,,,,,
France,2006,,,,,,,,63594568.0,,,,,
France,2007,,,,,,,,63996473.0,,,,,
France,2008,,,,,,,,64361728.0,,,,,
France,2009,,,,,,,,64629713.0,,,,,
France,2010,,,,,,,,64949800.0,,,,,
France,2011,,,,,,,,65302486.0,,,,,
France,2012,,,,,,,,65601380.0,,,,,
France,2013,,,,,,,,65913680.0,,,,,
France,2014,,,,,,,,66284427.0,,,,,
France,2015,,,,,,,,66447878.0,,,,,
France,2016,,,,,,,,66642102.0,,,,,
France,2017,,,,,,,,66896768.0,,,,,
France,2018,,,,,,,,67053421.0,,,,,
Gabon,2005,1031513.0,,,,,,,,,,,,
Gabon,2017,,1833309.0,,,,,,,,,,,
Gambia,1998,162323.0,,,,,,,,,,,,
Gambia,2003,,438591.0,,,,,,,,,,,
Gambia,2010,,,834688.0,,,,,,,,,,
Gambia,2015,,,,1285026.0,,,,,,,,,
Georgia,1996,3741767.0,,,,,,,,,,,,
Georgia,1997,,2793047.0,,,,,,,,,,,
Georgia,1998,,,2775684.0,,,,,,,,,,
Georgia,1999,,,2441727.0,,,,,,,,,,
Georgia,2000,,,2275999.0,,,,,,,,,,
Georgia,2001,,,2151258.0,,,,,,,,,,
Georgia,2002,,,2788547.0,,,,,,,,,,
Georgia,2003,,,2762968.0,,,,,,,,,,
Georgia,2004,,,2834780.0,,,,,,,,,,
Georgia,2005,,,2728818.0,,,,,,,,,,
Georgia,2006,,,2712671.0,,,,,,,,,,
Georgia,2007,,,2605217.0,,,,,,,,,,
Georgia,2008,,,2736204.0,,,,,,,,,,
Georgia,2009,,,2711506.0,,,,,,,,,,
Georgia,2010,,,2626521.0,,,,,,,,,,
Georgia,2011,,,2694270.0,,,,,,,,,,
Georgia,2012,,,2781250.0,,,,,,,,,,
Georgia,2013,,,2944805.0,,,,,,,,,,
Georgia,2014,,,3058912.0,,,,,,,,,,
Georgia,2015,,,3139800.0,,,,,,,,,,
Georgia,2016,,,3127851.0,,,,,,,,,,
Georgia,2017,,,3129524.0,,,,,,,,,,
Georgia,2018,,,3148034.0,,,,,,,,,,
Georgia,2019,,,3168804.0,,,,,,,,,,
Georgia,2020,,,3080949.0,,,,,,,,,,
Germany,1991,,,,,,,,,80013896.0,,,,
Germany,1992,,,,,,,,,80432912.0,,,,
Germany,1993,,,,,,,,,81156363.0,,,,
Germany,1994,,,,,,,,,81285070.0,,,,
Germany,1995,,,,,,,,,81480040.0,,,,
Germany,1996,,,,,,,,,81711618.0,,,,
Germany,1997,,,,,,,,,81855305.0,,,,
Germany,1998,,,,,,,,,82047195.0,,,,
Germany,1999,,,,,,,,,81907265.0,,,,
Germany,2000,,,,,,,,,82006530.0,,,,
Germany,2001,,,,,,,,,82349925.0,,,,
Germany,2002,,,,,,,,,82488495.0,,,,
Germany,2003,,,,,,,,,82345836.0,,,,
Germany,2004,,,,,,,,,82344232.0,,,,
Germany,2005,,,,,,,,,82469422.0,,,,
Germany,2006,,,,,,,,,82376451.0,,,,
Germany,2007,,,,,,,,,82266372.0,,,,
Germany,2008,,,,,,,,,81907146.0,,,,
Germany,2009,,,,,,,,,81902307.0,,,,
Germany,2010,,,,,,,,,81572646.0,,,,
Germany,2011,,,,,,,,,80274983.0,,,,
Germany,2012,,,,,,,,,80425823.0,,,,
Germany,2013,,,,,,,,,80645605.0,,,,
Germany,2014,,,,,,,,,80780126.0,,,,
Germany,2015,,,,,,,,,81686611.0,,,,
Germany,2016,,,,,,,,,82348669.0,,,,
Germany,2017,,,,,,,,,82463954.0,,,,
Germany,2018,,,,,,,,,82698744.0,,,,
Ghana,1987,3543280.0,,,,,,,,,,,,
Ghana,1988,3757809.0,,,,,,,,,,,,
Ghana,1991,,3452039.0,,,,,,,,,,,
Ghana,1998,,6958713.0,,,,,,,,,,,
Ghana,2005,,11352199.0,,,,,,,,,,,
Ghana,2012,,17951944.0,,,,,,,,,,,
Ghana,2016,,20126384.0,,,,,,,,,,,
Greece,1995,,,,,,,10325431.0,,,,,,
Greece,2000,,,,,,,10700720.0,,,,,,
Greece,2003,,,,,,,,10851123.0,,,,,
Greece,2004,,,,,,,,10843424.0,,,,,
Greece,2005,,,,,,,,10928604.0,,,,,
Greece,2006,,,,,,,,10918759.0,,,,,
Greece,2007,,,,,,,,10962298.0,,,,,
Greece,2008,,,,,,,,11017945.0,,,,,
Greece,2009,,,,,,,,11032376.0,,,,,
Greece,2010,,,,,,,,10975556.0,,,,,
Greece,2011,,,,,,,,10881690.0,,,,,
Greece,2012,,,,,,,,10722531.0,,,,,
Greece,2013,,,,,,,,10670732.0,,,,,
Greece,2014,,,,,,,,10562153.0,,,,,
Greece,2015,,,,,,,,10505814.0,,,,,
Greece,2016,,,,,,,,10552376.0,,,,,
Greece,2017,,,,,,,,10580706.0,,,,,
Greece,2018,,,,,,,,10701151.0,,,,,
Greece,2019,,,,,,,,10582745.0,,,,,
Guatemala,1986,,,,,,,2526020.0,,,,,,
Guatemala,1989,,,,,,,4033993.0,,,,,,
Guatemala,1998,,,,,,,,7922806.0,,,,,
Guatemala,2000,,,,,,,,,8993491.0,,,,
Guatemala,2006,,,,,,,,,10007863.0,,,,
Guatemala,2014,,,,,,,,,11570791.0,,,,
Guinea,1991,95015.0,,,,,,,,,,,,
Guinea,1994,,1856698.0,,,,,,,,,,,
Guinea,2002,,,1328789.0,,,,,,,,,,
Guinea,2007,,,,1774366.0,,,,,,,,,
Guinea,2012,,,,3094556.0,,,,,,,,,
Guinea,2018,,,,,4917141.0,,,,,,,,
Guinea-Bissau,1993,,304303.0,,,,,,,,,,,
Guinea-Bissau,2002,,,194814.0,,,,,,,,,,
Guinea-Bissau,2010,,,,222392.0,,,,,,,,,
Guinea-Bissau,2018,,,,,759095.0,,,,,,,,
Guyana,1992,,,,,,,337895.0,,,,,,
Guyana,1998,,,,,,,573201.0,,,,,,
Haiti,2001,,,,,,,1731864.0,,,,,,
Haiti,2012,,5099337.0,,,,,,,,,,,
Honduras,1989,,,,,,,,1799730.0,,,,,
Honduras,1990,,,,,,,,,1737338.0,,,,
Honduras,1991,,,,,,,,,,2142785.0,,,
Honduras,1992,,,,,,,,,,2480705.0,,,
Honduras,1993,,,,,,,,,,2898015.0,,,
Honduras,1994,,,,,,,,,,2942451.0,,,
Honduras,1995,,,,,,,,,,2895164.0,,,
Honduras,1996,,,,,,,,,,2841105.0,,,
Honduras,1997,,,,,,,,,,3580387.0,,,
Honduras,1998,,,,,,,,,,3569003.0,,,
Honduras,1999,,,,,,,,,,3588651.0,,,
Honduras,2001,,,,,,,,,,,4322808.0,,
Honduras,2002,,,,,,,,,,,4105163.0,,
Honduras,2003,,,,,,,,,,,3865547.0,,
Honduras,2004,,,,,,,,,,,4034907.0,,
Honduras,2005,,,,,,,,,,,4322698.0,,
Honduras,2006,,,,,,,,,,,4788117.0,,
Honduras,2007,,,,,,,,,,,5260773.0,,
Honduras,2008,,,,,,,,,,,5517542.0,,
Honduras,2009,,,,,,,,,,,5880989.0,,
Honduras,2010,,,,,,,,,,,5827107.0,,
Honduras,2011,,,,,,,,,,,,5936735.0,
Honduras,2012,,,,,,,,,,,,5558819.0,
Honduras,2013,,,,,,,,,,,,6019309.0,
Honduras,2014,,,,,,,,,,,,6105515.0,
Honduras,2015,,,,,,,,,,,,6298287.0,
Honduras,2016,,,,,,,,,,,,6454367.0,
Honduras,2017,,,,,,,,,,,,6662524.0,
Honduras,2018,,,,,,,,,,,,6748684.0,
Honduras,2019,,,,,,,,,,,,6918976.0,
Honduras - urban,1986,,,,,,,469526.0,,,,,,
Hungary,1987,,,,,,,10601965.0,,,,,,
Hungary,1989,,,,,,,10433978.0,,,,,,
Hungary,1991,,,,,,,,10141027.0,,,,,
Hungary,1993,,,,,,,10316668.0,,,,,,
Hungary,1994,,,,,,,,10112276.0,,,,,
Hungary,1998,,,,10194009.0,,,,,,,,,
Hungary,1999,,,,10205618.0,,,,,,,,,
Hungary,2000,,,,10173075.0,,,,,,,,,
Hungary,2001,,,,10168191.0,,,,,,,,,
Hungary,2002,,,,10151855.0,,,,,,,,,
Hungary,2003,,,,10085090.0,,,,,,,,,
Hungary,2004,,,,10067934.0,,,,,,,,,
Hungary,2005,,,,10069943.0,,,,,,,,,
Hungary,2006,,,,10059632.0,,,,,,,,,
Hungary,2007,,,,10008303.0,,,,,,,,,
Hungary,2008,,,,,,,,,,,10022286.0,,
Hungary,2009,,,,,,,,,,,10008569.0,,
Hungary,2010,,,,,,,,,,,9973314.0,,
Hungary,2011,,,,,,,,,,,9943087.0,,
Hungary,2012,,,,,,,,,,,9857302.0,,
Hungary,2013,,,,,,,,,,,9816650.0,,
Hungary,2014,,,,,,,,,,,9767076.0,,
Hungary,2015,,,,,,,,,,,9737408.0,,
Hungary,2016,,,,,,,,,,,9636916.0,,
Hungary,2017,,,,,,,,,,,9667291.0,,
Hungary,2018,,,,,,,,,,,9725606.0,,
Hungary,2019,,,,,,,,,,,9702341.0,,
Iceland,2003,,,,,,,289412.0,,,,,,
Iceland,2004,,,,,,,291577.0,,,,,,
Iceland,2005,,,,,,,296534.0,,,,,,
Iceland,2006,,,,,,,302937.0,,,,,,
Iceland,2007,,,,,,,311156.0,,,,,,
Iceland,2008,,,,,,,317221.0,,,,,,
Iceland,2009,,,,,,,318189.0,,,,,,
Iceland,2010,,,,,,,317425.0,,,,,,
Iceland,2011,,,,,,,318326.0,,,,,,
Iceland,2012,,,,,,,320522.0,,,,,,
Iceland,2013,,,,,,,323478.0,,,,,,
Iceland,2014,,,,,,,327301.0,,,,,,
Iceland,2015,,,,,,,330701.0,,,,,,
Iceland,2016,,,,,,,335171.0,,,,,,
Iceland,2017,,,,,,,343338.0,,,,,,
India,1977,73577882.0,,,,,,,,,,,,
India,1983,,103633821.0,,,,,,,,,,,
India,1987,,,134143519.0,,,,,,,,,,
India,1993,,,,167372321.0,,,,,,,,,
India,2004,,,,268187242.0,,,,,,,,,
India,2009,,,,352024746.0,,,,,,,,,
India,2011,,,,478650543.0,,,,,,,,,
India - rural,1977,41401737.0,,,,,,,,,,,,
India - rural,1983,,56671925.0,,,,,,,,,,,
India - rural,1987,,,75956747.0,,,,,,,,,,
India - rural,1993,,,,87685058.0,,,,,,,,,
India - rural,2004,,,,136741689.0,,,,,,,,,
India - rural,2009,,,,175548094.0,,,,,,,,,
India - rural,2011,,,,262599392.0,,,,,,,,,
India - urban,1977,32176145.0,,,,,,,,,,,,
India - urban,1983,,46961896.0,,,,,,,,,,,
India - urban,1987,,,58186773.0,,,,,,,,,,
India - urban,1993,,,,79687263.0,,,,,,,,,
India - urban,2004,,,,131445553.0,,,,,,,,,
India - urban,2009,,,,176476652.0,,,,,,,,,
India - urban,2011,,,,216051151.0,,,,,,,,,
Indonesia,1984,15166844.0,,,,,,,,,,,,
Indonesia,1987,14412563.0,,,,,,,,,,,,
Indonesia,1990,26549561.0,,,,,,,,,,,,
Indonesia,1993,,28743860.0,,,,,,,,,,,
Indonesia,1996,,44727547.0,,,,,,,,,,,
Indonesia,1998,,22961901.0,,,,,,,,,,,
Indonesia,1999,,46702084.0,,,,,,,,,,,
Indonesia,2000,,,48132812.0,,,,,,,,,,
Indonesia,2001,,,54507662.0,,,,,,,,,,
Indonesia,2002,,,84099339.0,,,,,,,,,,
Indonesia,2003,,,88665365.0,,,,,,,,,,
Indonesia,2004,,,89777531.0,,,,,,,,,,
Indonesia,2005,,,,96715662.0,,,,,,,,,
Indonesia,2006,,,,86215464.0,,,,,,,,,
Indonesia,2007,,,,104049394.0,,,,,,,,,
Indonesia,2008,,,,108580023.0,,,,,,,,,
Indonesia,2009,,,,116640757.0,,,,,,,,,
Indonesia,2010,,,,132938842.0,,,,,,,,,
Indonesia,2011,,,,,142314145.0,,,,,,,,
Indonesia,2012,,,,,148301440.0,,,,,,,,
Indonesia,2013,,,,,157053511.0,,,,,,,,
Indonesia,2014,,,,,166361589.0,,,,,,,,
Indonesia,2015,,,,,,179449373.0,,,,,,,
Indonesia,2016,,,,,,186658794.0,,,,,,,
Indonesia,2017,,,,,,199453569.0,,,,,,,
Indonesia,2018,,,,,,210035128.0,,,,,,,
Indonesia,2019,,,,,,216649393.0,,,,,,,
Indonesia,2020,,,,,,222169684.0,,,,,,,
Indonesia,2021,,,,,,226706757.0,,,,,,,
Indonesia - rural,1984,6625068.0,,,,,,,,,,,,
Indonesia - rural,1987,6129491.0,,,,,,,,,,,,
Indonesia - rural,1990,10782741.0,,,,,,,,,,,,
Indonesia - rural,1993,,9776280.0,,,,,,,,,,,
Indonesia - rural,1996,,15997935.0,,,,,,,,,,,
Indonesia - rural,1998,,6295986.0,,,,,,,,,,,
Indonesia - rural,1999,,17746816.0,,,,,,,,,,,
Indonesia - rural,2000,,,19013791.0,,,,,,,,,,
Indonesia - rural,2001,,,19908483.0,,,,,,,,,,
Indonesia - rural,2002,,,33168807.0,,,,,,,,,,
Indonesia - rural,2003,,,34457518.0,,,,,,,,,,
Indonesia - rural,2004,,,34348662.0,,,,,,,,,,
Indonesia - rural,2005,,,,36882525.0,,,,,,,,,
Indonesia - rural,2006,,,,31083221.0,,,,,,,,,
Indonesia - rural,2007,,,,40292589.0,,,,,,,,,
Indonesia - rural,2008,,,,42531656.0,,,,,,,,,
Indonesia - rural,2009,,,,46969072.0,,,,,,,,,
Indonesia - rural,2010,,,,56841269.0,,,,,,,,,
Indonesia - rural,2011,,,,,61828416.0,,,,,,,,
Indonesia - rural,2012,,,,,63688937.0,,,,,,,,
Indonesia - rural,2013,,,,,68871703.0,,,,,,,,
Indonesia - rural,2014,,,,,73898041.0,,,,,,,,
Indonesia - rural,2015,,,,,,80003792.0,,,,,,,
Indonesia - rural,2016,,,,,,82691096.0,,,,,,,
Indonesia - rural,2017,,,,,,87763163.0,,,,,,,
Indonesia - rural,2018,,,,,,90755673.0,,,,,,,
Indonesia - rural,2019,,,,,,92455459.0,,,,,,,
Indonesia - rural,2020,,,,,,93874170.0,,,,,,,
Indonesia - rural,2021,,,,,,95462407.0,,,,,,,
Indonesia - urban,1984,8541776.0,,,,,,,,,,,,
Indonesia - urban,1987,8283072.0,,,,,,,,,,,,
Indonesia - urban,1990,15766820.0,,,,,,,,,,,,
Indonesia - urban,1993,,18967580.0,,,,,,,,,,,
Indonesia - urban,1996,,28729612.0,,,,,,,,,,,
Indonesia - urban,1998,,16665915.0,,,,,,,,,,,
Indonesia - urban,1999,,28955269.0,,,,,,,,,,,
Indonesia - urban,2000,,,29119021.0,,,,,,,,,,
Indonesia - urban,2001,,,34599179.0,,,,,,,,,,
Indonesia - urban,2002,,,50930532.0,,,,,,,,,,
Indonesia - urban,2003,,,54207847.0,,,,,,,,,,
Indonesia - urban,2004,,,55428869.0,,,,,,,,,,
Indonesia - urban,2005,,,,59833137.0,,,,,,,,,
Indonesia - urban,2006,,,,55132243.0,,,,,,,,,
Indonesia - urban,2007,,,,63756805.0,,,,,,,,,
Indonesia - urban,2008,,,,66048367.0,,,,,,,,,
Indonesia - urban,2009,,,,69671686.0,,,,,,,,,
Indonesia - urban,2010,,,,76097573.0,,,,,,,,,
Indonesia - urban,2011,,,,,80485729.0,,,,,,,,
Indonesia - urban,2012,,,,,84612502.0,,,,,,,,
Indonesia - urban,2013,,,,,88181809.0,,,,,,,,
Indonesia - urban,2014,,,,,92463548.0,,,,,,,,
Indonesia - urban,2015,,,,,,99445582.0,,,,,,,
Indonesia - urban,2016,,,,,,103967698.0,,,,,,,
Indonesia - urban,2017,,,,,,111690405.0,,,,,,,
Indonesia - urban,2018,,,,,,119279455.0,,,,,,,
Indonesia - urban,2019,,,,,,124193934.0,,,,,,,
Indonesia - urban,2020,,,,,,128295514.0,,,,,,,
Indonesia - urban,2021,,,,,,131244349.0,,,,,,,
Iran,1986,39179203.0,,,,,,,,,,,,
Iran,1990,45051064.0,,,,,,,,,,,,
Iran,1994,51932592.0,,,,,,,,,,,,
Iran,1998,54986814.0,,,,,,,,,,,,
Iran,2005,,66987268.0,,,,,,,,,,,
Iran,2006,,67648206.0,,,,,,,,,,,
Iran,2009,,69646573.0,,,,,,,,,,,
Iran,2013,,75159179.0,,,,,,,,,,,
Iran,2014,,74974051.0,,,,,,,,,,,
Iran,2015,,76019294.0,,,,,,,,,,,
Iran,2016,,77121397.0,,,,,,,,,,,
Iran,2017,,78333962.0,,,,,,,,,,,
Iran,2018,,79255731.0,,,,,,,,,,,
Iran,2019,,79321383.0,,,,,,,,,,,
Iraq,2006,23150084.0,,,,,,,,,,,,
Iraq,2012,27170814.0,,,,,,,,,,,,
Ireland,1987,,,,,,,3487465.0,,,,,,
Ireland,1994,,,,,,,,3572742.0,,,,,
Ireland,1995,,,,,,,,3591013.0,,,,,
Ireland,1996,,,,,,,,3629361.0,,,,,
Ireland,2000,,,,,,,,3798390.0,,,,,
Ireland,2002,,,,,,,,,3922705.0,,,,
Ireland,2003,,,,,,,,,,3986826.0,,,
Ireland,2004,,,,,,,,,,4066735.0,,,
Ireland,2005,,,,,,,,,,4156239.0,,,
Ireland,2006,,,,,,,,,,4253418.0,,,
Ireland,2007,,,,,,,,,,4393253.0,,,
Ireland,2008,,,,,,,,,,4477666.0,,,
Ireland,2009,,,,,,,,,,4508323.0,,,
Ireland,2010,,,,,,,,,,4523968.0,,,
Ireland,2011,,,,,,,,,,4548048.0,,,
Ireland,2012,,,,,,,,,,4574300.0,,,
Ireland,2013,,,,,,,,,,4584722.0,,,
Ireland,2014,,,,,,,,,,4633897.0,,,
Ireland,2015,,,,,,,,,,4681658.0,,,
Ireland,2016,,,,,,,,,,4737195.0,,,
Ireland,2017,,,,,,,,,,4791902.0,,,
Ireland,2018,,,,,,,,,,4862512.0,,,
Israel,1979,,,,,,,3756064.0,,,,,,
Israel,1986,,,,,,,4270160.0,,,,,,
Israel,1992,,,,,,,5111969.0,,,,,,
Israel,1997,,,,,,,5793096.0,,,,,,
Israel,2001,,,,,,,6407948.0,,,,,,
Israel,2002,,,,,,,6473499.0,,,,,,
Israel,2003,,,,,,,6589396.0,,,,,,
Israel,2004,,,,,,,6707942.0,,,,,,
Israel,2005,,,,,,,6843646.0,,,,,,
Israel,2006,,,,,,,6983231.0,,,,,,
Israel,2007,,,,,,,7109414.0,,,,,,
Israel,2008,,,,,,,7236149.0,,,,,,
Israel,2009,,,,,,,7392215.0,,,,,,
Israel,2010,,,,,,,7547482.0,,,,,,
Israel,2011,,,,,,,7689938.0,,,,,,
Israel,2012,,,,,,,7813199.0,,,,,,
Israel,2013,,,,,,,7979005.0,,,,,,
Israel,2014,,,,,,,8134759.0,,,,,,
Israel,2015,,,,,,,8317336.0,,,,,,
Israel,2016,,,,,,,8483074.0,,,,,,
Israel,2017,,,,,,,8627841.0,,,,,,
Israel,2018,,,,,,,8794553.0,,,,,,
Italy,1986,,,,,,,56325787.0,,,,,,
Italy,1987,,,,,,,55634699.0,,,,,,
Italy,1989,,,,,,,56552807.0,,,,,,
Italy,1991,,,,,,,56617921.0,,,,,,
Italy,1993,,,,,,,55731427.0,,,,,,
Italy,1995,,,,,,,56293403.0,,,,,,
Italy,1998,,,,,,,55632712.0,,,,,,
Italy,2000,,,,,,,55948287.0,,,,,,
Italy,2003,,,,,,,,56688897.0,,,,,
Italy,2004,,,,,,,,57146226.0,,,,,
Italy,2005,,,,,,,,57368859.0,,,,,
Italy,2006,,,,,,,,57597084.0,,,,,
Italy,2007,,,,,,,,57814466.0,,,,,
Italy,2008,,,,,,,,58215517.0,,,,,
Italy,2009,,,,,,,,58344619.0,,,,,
Italy,2010,,,,,,,,58331010.0,,,,,
Italy,2011,,,,,,,,58518262.0,,,,,
Italy,2012,,,,,,,,58467740.0,,,,,
Italy,2013,,,,,,,,59046021.0,,,,,
Italy,2014,,,,,,,,59771212.0,,,,,
Italy,2015,,,,,,,,59190751.0,,,,,
Italy,2016,,,,,,,,59265171.0,,,,,
Italy,2017,,,,,,,,59436362.0,,,,,
Italy,2018,,,,,,,,59152144.0,,,,,
Jamaica,1988,1902173.0,,,,,,,,,,,,
Jamaica,1990,,1919902.0,,,,,,,,,,,
Jamaica,1993,1714122.0,,,,,,,,,,,,
Jamaica,1996,,2192567.0,,,,,,,,,,,
Jamaica,1999,,2366593.0,,,,,,,,,,,
Jamaica,2002,,2388632.0,,,,,,,,,,,
Jamaica,2004,,2484427.0,,,,,,,,,,,
Japan,2008,,,,,,,127142581.0,,,,,,
Japan,2010,,,,,,,127759039.0,,,,,,
Japan,2013,,,,,,,126242679.0,,,,,,
Jordan,1986,2936976.0,,,,,,,,,,,,
Jordan,1992,3314134.0,,,,,,,,,,,,
Jordan,1997,4199500.0,,,,,,,,,,,,
Jordan,2002,,4861949.0,,,,,,,,,,,
Jordan,2006,,,5760506.0,,,,,,,,,,
Jordan,2008,,,,6369794.0,,,,,,,,,
Jordan,2010,,,,7113694.0,,,,,,,,,
Kazakhstan,1993,,,,,,,12813591.0,,,,,,
Kazakhstan,1996,,12189266.0,,,,,,,,,,,
Kazakhstan,2001,,,10485049.0,,,,,,,,,,
Kazakhstan,2002,,,11163717.0,,,,,,,,,,
Kazakhstan,2003,,,11945877.0,,,,,,,,,,
Kazakhstan,2004,,,12916553.0,,,,,,,,,,
Kazakhstan,2005,,,,11857753.0,,,,,,,,,
Kazakhstan,2006,,,,14570248.0,,,,,,,,,
Kazakhstan,2007,,,,15127109.0,,,,,,,,,
Kazakhstan,2008,,,,15506188.0,,,,,,,,,
Kazakhstan,2009,,,,15768084.0,,,,,,,,,
Kazakhstan,2010,,,,16080574.0,,,,,,,,,
Kazakhstan,2011,,,,16464053.0,,,,,,,,,
Kazakhstan,2012,,,,16729730.0,,,,,,,,,
Kazakhstan,2013,,,,16996988.0,,,,,,,,,
Kazakhstan,2014,,,,17251664.0,,,,,,,,,
Kazakhstan,2015,,,,17490320.0,,,,,,,,,
Kazakhstan,2016,,,,17694373.0,,,,,,,,,
Kazakhstan,2017,,,,17976021.0,,,,,,,,,
Kazakhstan,2018,,,,18241521.0,,,,,,,,,
Kenya,1992,11541027.0,,,,,,,,,,,,
Kenya,1994,,10543000.0,,,,,,,,,,,
Kenya,1997,,,11833048.0,,,,,,,,,,
Kenya,2005,,,,11122499.0,,,,,,,,,
Kenya,2015,,,,16038368.0,,,,,,,,,
Kiribati,2006,61698.0,,,,,,,,,,,,
Kiribati,2019,,98530.0,,,,,,,,,,,
Kosovo,2003,1389353.0,,,,,,,,,,,,
Kosovo,2005,1365372.0,,,,,,,,,,,,
Kosovo,2006,1385309.0,,,,,,,,,,,,
Kosovo,2009,1481442.0,,,,,,,,,,,,
Kosovo,2010,1490777.0,,,,,,,,,,,,
Kosovo,2011,1592572.0,,,,,,,,,,,,
Kosovo,2012,,1691697.0,,,,,,,,,,,
Kosovo,2013,,1747739.0,,,,,,,,,,,
Kosovo,2014,,1710930.0,,,,,,,,,,,
Kosovo,2015,,1725742.0,,,,,,,,,,,
Kosovo,2016,,1704271.0,,,,,,,,,,,
Kosovo,2017,,1726200.0,,,,,,,,,,,
Kyrgyzstan,1998,,,,,,,2411810.0,,,,,,
Kyrgyzstan,2000,,1331841.0,,,,,,,,,,,
Kyrgyzstan,2001,,1552149.0,,,,,,,,,,,
Kyrgyzstan,2002,,1648157.0,,,,,,,,,,,
Kyrgyzstan,2003,,1811163.0,,,,,,,,,,,
Kyrgyzstan,2004,,,3001352.0,,,,,,,,,,
Kyrgyzstan,2005,,,2762210.0,,,,,,,,,,
Kyrgyzstan,2006,,,3435444.0,,,,,,,,,,
Kyrgyzstan,2007,,,3640683.0,,,,,,,,,,
Kyrgyzstan,2008,,,4248665.0,,,,,,,,,,
Kyrgyzstan,2009,,,4522964.0,,,,,,,,,,
Kyrgyzstan,2010,,,4411039.0,,,,,,,,,,
Kyrgyzstan,2011,,,4602426.0,,,,,,,,,,
Kyrgyzstan,2012,,,4648943.0,,,,,,,,,,
Kyrgyzstan,2013,,,4499329.0,,,,,,,,,,
Kyrgyzstan,2014,,,4965408.0,,,,,,,,,,
Kyrgyzstan,2015,,,4858249.0,,,,,,,,,,
Kyrgyzstan,2016,,,5223541.0,,,,,,,,,,
Kyrgyzstan,2017,,,5285638.0,,,,,,,,,,
Kyrgyzstan,2018,,,5632801.0,,,,,,,,,,
Kyrgyzstan,2019,,,5831529.0,,,,,,,,,,
Kyrgyzstan,2020,,,5522549.0,,,,,,,,,,
Laos,1992,1450444.0,,,,,,,,,,,,
Laos,1997,911099.0,,,,,,,,,,,,
Laos,2002,1596053.0,,,,,,,,,,,,
Laos,2007,2131909.0,,,,,,,,,,,,
Laos,2012,,3442451.0,,,,,,,,,,,
Laos,2018,,4418077.0,,,,,,,,,,,
Latvia,1993,,,,,,,2494835.0,,,,,,
Latvia,1995,,,,,,,2346991.0,,,,,,
Latvia,1996,,,,,,,2284434.0,,,,,,
Latvia,1997,,2236818.0,,,,,,,,,,,
Latvia,1998,,2241987.0,,,,,,,,,,,
Latvia,2002,,2231130.0,,,,,,,,,,,
Latvia,2003,,2223079.0,,,,,,,,,,,
Latvia,2004,,2212927.0,,,,,,,,,,,
Latvia,2005,,,,,,,,,2130715.0,,,,
Latvia,2006,,,,,,,,,2160054.0,,,,
Latvia,2007,,2182884.0,,,,,,,,,,,
Latvia,2008,,2163497.0,,,,,,,,,,,
Latvia,2009,,2111889.0,,,,,,,,,,,
Latvia,2010,,,,,,,,,2021123.0,,,,
Latvia,2011,,,,,,,,,2000715.0,,,,
Latvia,2012,,,,,,,,,1980861.0,,,,
Latvia,2013,,,,,,,,,1964333.0,,,,
Latvia,2014,,,,,,,,,1957538.0,,,,
Latvia,2015,,,,,,,,,1945937.0,,,,
Latvia,2016,,,,,,,,,1932152.0,,,,
Latvia,2017,,,,,,,,,1913063.0,,,,
Latvia,2018,,,,,,,,,1909650.0,,,,
Latvia,2019,,,,,,,,,1900100.0,,,,
Lebanon,2011,5198842.0,,,,,,,,,,,,
Lesotho,1986,482308.0,,,,,,,,,,,,
Lesotho,1994,,662705.0,,,,,,,,,,,
Lesotho,2002,,,397392.0,,,,,,,,,,
Lesotho,2017,,,,1048713.0,,,,,,,,,
Liberia,2007,300567.0,,,,,,,,,,,,
Liberia,2014,,1028358.0,,,,,,,,,,,
Liberia,2016,,1118577.0,,,,,,,,,,,
Lithuania,1993,,,,,,,2581019.0,,,,,,
Lithuania,1996,,3432143.0,,,,,,,,,,,
Lithuania,1998,,,3438844.0,,,,,,,,,,
Lithuania,1999,,,3381789.0,,,,,,,,,,
Lithuania,2000,,,3339044.0,,,,,,,,,,
Lithuania,2001,,,3307262.0,,,,,,,,,,
Lithuania,2002,,,3289460.0,,,,,,,,,,
Lithuania,2003,,,3354078.0,,,,,,,,,,
Lithuania,2004,,,3307877.0,,,,,,,,,,
Lithuania,2005,,,,,,,,,,3178226.0,,,
Lithuania,2006,,,,,,,,,,3179709.0,,,
Lithuania,2007,,,,,,,,,,3169796.0,,,
Lithuania,2008,,,3162655.0,,,,,,,,,,
Lithuania,2009,,,,,,,,,,3027334.0,,,
Lithuania,2010,,,,,,,,,,3001571.0,,,
Lithuania,2011,,,,,,,,,,2982097.0,,,
Lithuania,2012,,,,,,,,,,2927702.0,,,
Lithuania,2013,,,,,,,,,,2899540.0,,,
Lithuania,2014,,,,,,,,,,2854417.0,,,
Lithuania,2015,,,,,,,,,,2863614.0,,,
Lithuania,2016,,,,,,,,,,2805196.0,,,
Lithuania,2017,,,,,,,,,,2786114.0,,,
Lithuania,2018,,,,,,,,,,2766108.0,,,
Lithuania,2019,,,,,,,,,,2774897.0,,,
Luxembourg,1985,,,,,,,365841.0,,,,,,
Luxembourg,1991,,,,,,,387000.0,,,,,,
Luxembourg,1994,,,,,,,402925.0,,,,,,
Luxembourg,1997,,,,,,,419450.0,,,,,,
Luxembourg,2000,,,,,,,436300.0,,,,,,
Luxembourg,2003,,,,,,,,451273.0,,,,,
Luxembourg,2004,,,,,,,,457999.0,,,,,
Luxembourg,2005,,,,,,,,464736.0,,,,,
Luxembourg,2006,,,,,,,,472619.0,,,,,
Luxembourg,2007,,,,,,,,479888.0,,,,,
Luxembourg,2008,,,,,,,,488650.0,,,,,
Luxembourg,2009,,,,,,,,497487.0,,,,,
Luxembourg,2010,,,,,,,,506777.0,,,,,
Luxembourg,2011,,,,,,,,517629.0,,,,,
Luxembourg,2012,,,,,,,,530627.0,,,,,
Luxembourg,2013,,,,,,,,542876.0,,,,,
Luxembourg,2014,,,,,,,,555215.0,,,,,
Luxembourg,2015,,,,,,,,567655.0,,,,,
Luxembourg,2016,,,,,,,,581242.0,,,,,
Luxembourg,2017,,,,,,,,594057.0,,,,,
Luxembourg,2018,,,,,,,,605783.0,,,,,
Luxembourg,2019,,,,,,,,619254.0,,,,,
Madagascar,1980,2521684.0,,,,,,,,,,,,
Madagascar,1993,,1439631.0,,,,,,,,,,,
Madagascar,1997,,,1839788.0,,,,,,,,,,
Madagascar,1999,,,2111421.0,,,,,,,,,,
Madagascar,2001,,,,2496628.0,,,,,,,,,
Madagascar,2005,,,,1987100.0,,,,,,,,,
Madagascar,2010,,,,1854166.0,,,,,,,,,
Madagascar,2012,,,,1895444.0,,,,,,,,,
Malawi,1997,1606425.0,,,,,,,,,,,,
Malawi,2004,,1205693.0,,,,,,,,,,,
Malawi,2010,,1655889.0,,,,,,,,,,,
Malawi,2016,,1891571.0,,,,,,,,,,,
Malawi,2019,,1793628.0,,,,,,,,,,,
Malaysia,1984,,,,,,,13232790.0,,,,,,
Malaysia,1987,,,,,,,14423251.0,,,,,,
Malaysia,1989,,,,,,,15473444.0,,,,,,
Malaysia,1992,,,,,,,16755777.0,,,,,,
Malaysia,1995,,,,,,,18125151.0,,,,,,
Malaysia,1997,,,,,,,19992170.0,,,,,,
Malaysia,2003,,,,,,,,23001108.0,,,,,
Malaysia,2006,,,,,,,,25199960.0,,,,,
Malaysia,2008,,,,,,,,26076282.0,,,,,
Malaysia,2011,,,,,,,,28294713.0,,,,,
Malaysia,2013,,,,,,,,29354303.0,,,,,
Malaysia,2015,,,,,,,,30191104.0,,,,,
Maldives,2002,221432.0,,,,,,,,,,,,
Maldives,2009,,294727.0,,,,,,,,,,,
Maldives,2016,,,474712.0,,,,,,,,,,
Maldives,2019,,,,530957.0,,,,,,,,,
Mali,1994,603454.0,,,,,,,,,,,,
Mali,2001,,2155131.0,,,,,,,,,,,
Mali,2006,,,2890892.0,,,,,,,,,,
Mali,2009,,,2949960.0,,,,,,,,,,
Mali,2018,,,,9633924.0,,,,,,,,,
Malta,2006,,,,,,,402918.0,,,,,,
Malta,2007,,,,,,,404353.0,,,,,,
Malta,2008,,,,,,,408452.0,,,,,,
Malta,2009,,,,,,,410501.0,,,,,,
Malta,2010,,,,,,,413404.0,,,,,,
Malta,2011,,,,,,,414682.0,,,,,,
Malta,2012,,,,,,,418875.0,,,,,,
Malta,2013,,,,,,,425841.0,,,,,,
Malta,2014,,,,,,,434447.0,,,,,,
Malta,2015,,,,,,,444627.0,,,,,,
Malta,2016,,,,,,,454528.0,,,,,,
Malta,2017,,,,,,,467034.0,,,,,,
Malta,2018,,,,,,,483551.0,,,,,,
Malta,2019,,,,,,,501854.0,,,,,,
Marshall Islands,2019,55762.0,,,,,,,,,,,,
Mauritania,1987,644302.0,,,,,,,,,,,,
Mauritania,1993,,667270.0,,,,,,,,,,,
Mauritania,1995,,,1163705.0,,,,,,,,,,
Mauritania,2000,,,,1390181.0,,,,,,,,,
Mauritania,2004,,,,1558685.0,,,,,,,,,
Mauritania,2008,,,,2155900.0,,,,,,,,,
Mauritania,2014,,,,2984170.0,,,,,,,,,
Mauritius,2006,1189339.0,,,,,,,,,,,,
Mauritius,2012,1215897.0,,,,,,,,,,,,
Mauritius,2017,1236693.0,,,,,,,,,,,,
Mexico,1984,,,,,,,55595375.0,,,,,,
Mexico,1989,,,,,,,62645302.0,,,,,,
Mexico,1992,,,,,,,69262265.0,,,,,,
Mexico,1994,,,,,,,71847605.0,,,,,,
Mexico,1996,,,,,,,59302911.0,,,,,,
Mexico,1998,,,,,,,69553847.0,,,,,,
Mexico,2000,,,,,,,78133117.0,,,,,,
Mexico,2002,,,,,,,82550433.0,,,,,,
Mexico,2004,,,,,,,87976109.0,,,,,,
Mexico,2005,,,,,,,89053763.0,,,,,,
Mexico,2006,,,,,,,93584377.0,,,,,,
Mexico,2008,,,,,,,94897640.0,,,,,,
Mexico,2010,,,,,,,99669307.0,,,,,,
Mexico,2012,,,,,,,103071411.0,,,,,,
Mexico,2014,,,,,,,106105723.0,,,,,,
Mexico,2016,,,,,,,,110328688.0,,,,,
Mexico,2018,,,,,,,,114535710.0,,,,,
Mexico,2020,,,,,,,,116266798.0,,,,,
Micronesia (country),2005,,79981.0,,,,,,,,,,,
Micronesia (country),2013,,,64917.0,,,,,,,,,,
Micronesia (country) - urban,2000,,,,,,,9828.0,,,,,,
Moldova,1997,1675524.0,,,,,,,,,,,,
Moldova,1998,1275420.0,,,,,,,,,,,,
Moldova,1999,908226.0,,,,,,,,,,,,
Moldova,2000,933818.0,,,,,,,,,,,,
Moldova,2001,1193417.0,,,,,,,,,,,,
Moldova,2002,1645682.0,,,,,,,,,,,,
Moldova,2003,1984670.0,,,,,,,,,,,,
Moldova,2004,1968691.0,,,,,,,,,,,,
Moldova,2005,,1724967.0,,,,,,,,,,,
Moldova,2006,,,2527299.0,,,,,,,,,,
Moldova,2007,,,2653078.0,,,,,,,,,,
Moldova,2008,,,2609344.0,,,,,,,,,,
Moldova,2009,,,2638320.0,,,,,,,,,,
Moldova,2010,,,2689754.0,,,,,,,,,,
Moldova,2011,,,2742134.0,,,,,,,,,,
Moldova,2012,,,2771561.0,,,,,,,,,,
Moldova,2013,,,2797767.0,,,,,,,,,,
Moldova,2014,,,2824448.0,,,,,,,,,,
Moldova,2015,,,2796973.0,,,,,,,,,,
Moldova,2016,,,2767667.0,,,,,,,,,,
Moldova,2017,,,2726270.0,,,,,,,,,,
Moldova,2018,,,2683348.0,,,,,,,,,,
Moldova,2019,,,2650496.0,,,,,,,,,,
Mongolia,1995,1473025.0,,,,,,,,,,,,
Mongolia,1998,959877.0,,,,,,,,,,,,
Mongolia,2002,,1631883.0,,,,,,,,,,,
Mongolia,2007,,,2296828.0,,,,,,,,,,
Mongolia,2010,,,,2459645.0,,,,,,,,,
Mongolia,2011,,,,2588539.0,,,,,,,,,
Mongolia,2012,,,,2709173.0,,,,,,,,,
Mongolia,2014,,,,2852337.0,,,,,,,,,
Mongolia,2016,,,,2865799.0,,,,,,,,,
Mongolia,2018,,,,3010599.0,,,,,,,,,
Montenegro,2005,605661.0,,,,,,,,,,,,
Montenegro,2006,608452.0,,,,,,,,,,,,
Montenegro,2007,612422.0,,,,,,,,,,,,
Montenegro,2008,614146.0,,,,,,,,,,,,
Montenegro,2009,614647.0,,,,,,,,,,,,
Montenegro,2010,616138.0,,,,,,,,,,,,
Montenegro,2011,613700.0,,,,,,,,,,,,
Montenegro,2012,607348.0,,,,,,,,,,,,
Montenegro,2013,605463.0,,,,,,,,,,,,
Montenegro,2014,617447.0,,,,,,,,,,,,
Montenegro,2015,,,,,,,,572351.0,,,,,
Montenegro,2016,,,,,,,,584853.0,,,,,
Montenegro,2017,,,,,,,,577609.0,,,,,
Montenegro,2018,,,,,,,,582644.0,,,,,
Morocco,1984,14979256.0,,,,,,,,,,,,
Morocco,1990,20016376.0,,,,,,,,,,,,
Morocco,1998,20598747.0,,,,,,,,,,,,
Morocco,2000,,21103772.0,,,,,,,,,,,
Morocco,2006,,25800934.0,,,,,,,,,,,
Morocco,2013,,31241446.0,,,,,,,,,,,
Mozambique,1996,1385349.0,,,,,,,,,,,,
Mozambique,2002,1456927.0,,,,,,,,,,,,
Mozambique,2008,2470017.0,,,,,,,,,,,,
Mozambique,2014,4635041.0,,,,,,,,,,,,
Myanmar,2015,39717544.0,,,,,,,,,,,,
Myanmar,2017,45401146.0,,,,,,,,,,,,
Namibia,1993,,,,,,,535007.0,,,,,,
Namibia,2003,,805629.0,,,,,,,,,,,
Namibia,2009,,1082354.0,,,,,,,,,,,
Namibia,2015,,1614181.0,,,,,,,,,,,
Nauru,2012,8793.0,,,,,,,,,,,,
Nepal,1984,,,,,,,911471.0,,,,,,
Nepal,1995,,2441615.0,,,,,,,,,,,
Nepal,2003,,5534642.0,,,,,,,,,,,
Nepal,2010,,,13277022.0,,,,,,,,,,
Netherlands,1983,,,,,,,14155581.0,,,,,,
Netherlands,1987,,,,,,,14598813.0,,,,,,
Netherlands,1990,,,,,,,14731117.0,,,,,,
Netherlands,1993,,,,,,,,14989738.0,,,,,
Netherlands,1999,,,,,,,,15734213.0,,,,,
Netherlands,2004,,,,,,,,,16211704.0,,,,
Netherlands,2005,,,,,,,,,16285671.0,,,,
Netherlands,2006,,,,,,,,,16327976.0,,,,
Netherlands,2007,,,,,,,,,16372062.0,,,,
Netherlands,2008,,,,,,,,,16410767.0,,,,
Netherlands,2009,,,,,,,,,16490193.0,,,,
Netherlands,2010,,,,,,,,,16597102.0,,,,
Netherlands,2011,,,,,,,,,16664687.0,,,,
Netherlands,2012,,,,,,,,,16739323.0,,,,
Netherlands,2013,,,,,,,,,16779573.0,,,,
Netherlands,2014,,,,,,,,,16829652.0,,,,
Netherlands,2015,,,,,,,,,16917336.0,,,,
Netherlands,2016,,,,,,,,,17004752.0,,,,
Netherlands,2017,,,,,,,,,17080680.0,,,,
Netherlands,2018,,,,,,,,,17204353.0,,,,
Netherlands,2019,,,,,,,,,17326247.0,,,,
Nicaragua,1993,2505980.0,,,,,,,,,,,,
Nicaragua,1998,2969511.0,,,,,,,,,,,,
Nicaragua,2001,2958621.0,,,,,,,,,,,,
Nicaragua,2005,,3177613.0,,,,,,,,,,,
Nicaragua,2009,,,,,,,,4426329.0,,,,,
Nicaragua,2014,,,,,,,,5336564.0,,,,,
Niger,1992,515500.0,,,,,,,,,,,,
Niger,1994,,550778.0,,,,,,,,,,,
Niger,2005,,,1237673.0,,,,,,,,,,
Niger,2007,,,,1382431.0,,,,,,,,,
Niger,2011,,,,,2785630.0,,,,,,,,
Niger,2014,,,,,4392453.0,,,,,,,,
Niger,2018,,,,,,5566188.0,,,,,,,
Nigeria,1985,16621826.0,,,,,,,,,,,,
Nigeria,1992,,21357900.0,,,,,,,,,,,
Nigeria,1996,,,18595507.0,,,,,,,,,,
Nigeria,2003,,,,24500887.0,,,,,,,,,
Nigeria,2010,,,,,42978506.0,,,,,,,,
Nigeria,2012,,,,,46618561.0,,,,,,,,
Nigeria,2015,,,,,53536404.0,,,,,,,,
Nigeria,2018,,,,,,56833508.0,,,,,,,
North Macedonia,1998,1819117.0,,,,,,,,,,,,
North Macedonia,2000,,1616946.0,,,,,,,,,,,
North Macedonia,2002,,1870750.0,,,,,,,,,,,
North Macedonia,2003,,1855138.0,,,,,,,,,,,
North Macedonia,2004,,1942628.0,,,,,,,,,,,
North Macedonia,2005,,1879853.0,,,,,,,,,,,
North Macedonia,2006,,1850860.0,,,,,,,,,,,
North Macedonia,2008,,1952952.0,,,,,,,,,,,
North Macedonia,2009,,,,,,,,,1669047.0,,,,
North Macedonia,2010,,,,,,,,,1686461.0,,,,
North Macedonia,2011,,,,,,,,,1739398.0,,,,
North Macedonia,2012,,,,,,,,,1771405.0,,,,
North Macedonia,2013,,,,,,,,,1815591.0,,,,
North Macedonia,2014,,,,,,,,,1850330.0,,,,
North Macedonia,2015,,,,,,,,,1860888.0,,,,
North Macedonia,2016,,,,,,,,,1873398.0,,,,
North Macedonia,2017,,,,,,,,,1886854.0,,,,
North Macedonia,2018,,,,,,,,,1928497.0,,,,
Norway,1979,,,,,,,4052774.0,,,,,,
Norway,1986,,,,,,,4157149.0,,,,,,
Norway,1991,,,,,,,4241478.0,,,,,,
Norway,1995,,,,,,,4337779.0,,,,,,
Norway,2000,,,,,,,4480410.0,,,,,,
Norway,2003,,,,,,,,4554258.0,,,,,
Norway,2004,,,,,,,,4577683.0,,,,,
Norway,2005,,,,,,,,4611617.0,,,,,
Norway,2006,,,,,,,,4648742.0,,,,,
Norway,2007,,,,,,,,4697488.0,,,,,
Norway,2008,,,,,,,,4754184.0,,,,,
Norway,2009,,,,,,,,4822459.0,,,,,
Norway,2010,,,,,,,,4881870.0,,,,,
Norway,2011,,,,,,,,4946723.0,,,,,
Norway,2012,,,,,,,,5009489.0,,,,,
Norway,2013,,,,,,,,5070150.0,,,,,
Norway,2014,,,,,,,,5129855.0,,,,,
Norway,2015,,,,,,,,5177848.0,,,,,
Norway,2016,,,,,,,,5213495.0,,,,,
Norway,2017,,,,,,,,5258747.0,,,,,
Norway,2018,,,,,,,,5296408.0,,,,,
Norway,2019,,,,,,,,5335187.0,,,,,
Pakistan,1987,11291223.0,,,,,,,,,,,,
Pakistan,1990,13044970.0,,,,,,,,,,,,
Pakistan,1996,44208486.0,,,,,,,,,,,,
Pakistan,1998,43073901.0,,,,,,,,,,,,
Pakistan,2001,,38628728.0,,,,,,,,,,,
Pakistan,2004,,61737770.0,,,,,,,,,,,
Pakistan,2005,,63018730.0,,,,,,,,,,,
Pakistan,2007,,75050452.0,,,,,,,,,,,
Pakistan,2010,,94909606.0,,,,,,,,,,,
Pakistan,2011,,98094937.0,,,,,,,,,,,
Pakistan,2013,,115629190.0,,,,,,,,,,,
Pakistan,2015,,128709277.0,,,,,,,,,,,
Pakistan,2018,,139121284.0,,,,,,,,,,,
Palestine,2004,3080210.0,,,,,,,,,,,,
Palestine,2005,3154198.0,,,,,,,,,,,,
Palestine,2006,3273332.0,,,,,,,,,,,,
Palestine,2007,3234821.0,,,,,,,,,,,,
Palestine,2009,3593283.0,,,,,,,,,,,,
Palestine,2010,,3666114.0,,,,,,,,,,,
Palestine,2011,,3765029.0,,,,,,,,,,,
Palestine,2016,,4168991.0,,,,,,,,,,,
Panama,1979,,,,,,,1526824.0,,,,,,
Panama,1989,,,,,,,,1587704.0,,,,,
Panama,1991,,,,,,,,,1732273.0,,,,
Panama,1995,,,,,,,,,,2062961.0,,,
Panama,1997,,,,,,,,,,2187957.0,,,
Panama,1998,,,,,,,,,,2214850.0,,,
Panama,1999,,,,,,,,,,2340234.0,,,
Panama,2000,,,,,,,,,,2424707.0,,,
Panama,2001,,,,,,,,,,,2322772.0,,
Panama,2002,,,,,,,,,,,2470563.0,,
Panama,2003,,,,,,,,,,,2548098.0,,
Panama,2004,,,,,,,,,,,2625623.0,,
Panama,2005,,,,,,,,,,,2710209.0,,
Panama,2006,,,,,,,,,,,2748928.0,,
Panama,2007,,,,,,,,,,,2882407.0,,
Panama,2008,,,,,,,,,,,,3101249.0,
Panama,2009,,,,,,,,,,,,3240597.0,
Panama,2010,,,,,,,,,,,,3252439.0,
Panama,2011,,,,,,,,,,,,3386543.0,
Panama,2012,,,,,,,,,,,,3394832.0,
Panama,2013,,,,,,,,,,,,3525418.0,
Panama,2014,,,,,,,,,,,,3575625.0,
Panama,2015,,,,,,,,,,,,3701537.0,
Panama,2016,,,,,,,,,,,,3752986.0,
Panama,2017,,,,,,,,,,,,3848121.0,
Panama,2018,,,,,,,,,,,,3959089.0,
Panama,2019,,,,,,,,,,,,4052020.0,
Papua New Guinea,1996,1403174.0,,,,,,,,,,,,
Papua New Guinea,2009,,2458487.0,,,,,,,,,,,
Paraguay,1990,,,,,,,4045253.0,,,,,,
Paraguay,1995,,,,,,,3691709.0,,,,,,
Paraguay,1997,,,,,,,,4038446.0,,,,,
Paraguay,1999,,,,,,,,,4207514.0,,,,
Paraguay,2001,,,,,,,,,,4472590.0,,,
Paraguay,2002,,,,,,,,,,,4100690.0,,
Paraguay,2003,,,,,,,,,,,,4580980.0,
Paraguay,2004,,,,,,,,,,,,4801160.0,
Paraguay,2005,,,,,,,,,,,,5017663.0,
Paraguay,2006,,,,,,,,,,,,4809530.0,
Paraguay,2007,,,,,,,,,,,,5038550.0,
Paraguay,2008,,,,,,,,,,,,5273751.0,
Paraguay,2009,,,,,,,,,,,,5340557.0,
Paraguay,2010,,,,,,,,,,,,5456148.0,
Paraguay,2011,,,,,,,,,,,,5554640.0,
Paraguay,2012,,,,,,,,,,,,5835533.0,
Paraguay,2013,,,,,,,,,,,,6101056.0,
Paraguay,2014,,,,,,,,,,,,6151518.0,
Paraguay,2015,,,,,,,,,,,,6248854.0,
Paraguay,2016,,,,,,,,,,,,6326744.0,
Paraguay,2017,,,,,,,,,,,,6540080.0,
Paraguay,2018,,,,,,,,,,,,6582623.0,
Paraguay,2019,,,,,,,,,,,,6724268.0,
Paraguay,2020,,,,,,,,,,,,6797199.0,
Peru,1985,17945850.0,,,,,,,,,,,,
Peru,1994,16100967.0,,,,,,,,,,,,
Peru,1997,,,,,,,,17149378.0,,,,,
Peru,1998,,,,,,,,17675101.0,,,,,
Peru,1999,,,,,,,,17812153.0,,,,,
Peru,2000,,,,,,,,,18297247.0,,,,
Peru,2001,,,,,,,,,17939899.0,,,,
Peru,2002,,,,,,,,,19061327.0,,,,
Peru,2003,,,,,,,,,19706443.0,,,,
Peru,2004,,,,,,,,,,19730458.0,,,
Peru,2005,,,,,,,,,,19248493.0,,,
Peru,2006,,,,,,,,,,20531847.0,,,
Peru,2007,,,,,,,,,,21766364.0,,,
Peru,2008,,,,,,,,,,22978517.0,,,
Peru,2009,,,,,,,,,,23810985.0,,,
Peru,2010,,,,,,,,,,24703940.0,,,
Peru,2011,,,,,,,,,,25359401.0,,,
Peru,2012,,,,,,,,,,25869807.0,,,
Peru,2013,,,,,,,,,,26355497.0,,,
Peru,2014,,,,,,,,,,26871506.0,,,
Peru,2015,,,,,,,,,,27291599.0,,,
Peru,2016,,,,,,,,,,27806396.0,,,
Peru,2017,,,,,,,,,,28345936.0,,,
Peru,2018,,,,,,,,,,29285106.0,,,
Peru,2019,,,,,,,,,,30064321.0,,,
Peru,2020,,,,,,,,,,28327734.0,,,
Philippines,1985,23169218.0,,,,,,,,,,,,
Philippines,1988,26425939.0,,,,,,,,,,,,
Philippines,1991,29566564.0,,,,,,,,,,,,
Philippines,1994,33040323.0,,,,,,,,,,,,
Philippines,1997,,41617585.0,,,,,,,,,,,
Philippines,2000,,,44610174.0,,,,,,,,,,
Philippines,2003,,,,50072407.0,,,,,,,,,
Philippines,2006,,,,51554132.0,,,,,,,,,
Philippines,2009,,,,58263311.0,,,,,,,,,
Philippines,2012,,,,59931410.0,,,,,,,,,
Philippines,2015,,,,69499997.0,,,,,,,,,
Philippines,2018,,,,79505858.0,,,,,,,,,
Poland,1985,,,,,,,37000660.0,,,,,,
Poland,1986,,,,,,,36899770.0,,,,,,
Poland,1987,,,,,,,37496479.0,,,,,,
Poland,1989,,,,,,,37881288.0,,,,,,
Poland,1992,,,,,,,38076632.0,,,,,,
Poland,1993,,37309865.0,,,,,,,,,,,
Poland,1995,,,,,,,36763342.0,,,,,,
Poland,1996,,31115906.0,,,,,,,,,,,
Poland,1998,,,38345099.0,,,,,,,,,,
Poland,1999,,,38307349.0,,,,,,,,,,
Poland,2000,,,37808356.0,,,,,,,,,,
Poland,2001,,,37743478.0,,,,,,,,,,
Poland,2002,,,37658958.0,,,,,,,,,,
Poland,2003,,,37830529.0,,,,,,,,,,
Poland,2004,,,37721514.0,,,,,,,,,,
Poland,2005,,,37606152.0,,,,,,,,,,
Poland,2006,,,37853251.0,,,,,,,,,,
Poland,2007,,,37920569.0,,,,,,,,,,
Poland,2008,,,37973754.0,,,,,,,,,,
Poland,2009,,,38037106.0,,,,,,,,,,
Poland,2010,,,37912954.0,,,,,,,,,,
Poland,2011,,,37920309.0,,,,,,,,,,
Poland,2012,,,37963065.0,,,,,,,,,,
Poland,2013,,,37940676.0,,,,,,,,,,
Poland,2014,,,37891289.0,,,,,,,,,,
Poland,2015,,,37909685.0,,,,,,,,,,
Poland,2016,,,37946677.0,,,,,,,,,,
Poland,2017,,,37947031.0,,,,,,,,,,
Poland,2018,,,37960924.0,,,,,,,,,,
Poland,2019,,,37949009.0,,,,,,,,,,
Portugal,2003,,,,,,,10299267.0,,,,,,
Portugal,2004,,,,,,,10375871.0,,,,,,
Portugal,2005,,,,,,,10391509.0,,,,,,
Portugal,2006,,,,,,,10467033.0,,,,,,
Portugal,2007,,,,,,,10454945.0,,,,,,
Portugal,2008,,,,,,,10467572.0,,,,,,
Portugal,2009,,,,,,,10525882.0,,,,,,
Portugal,2010,,,,,,,10528065.0,,,,,,
Portugal,2011,,,,,,,10459111.0,,,,,,
Portugal,2012,,,,,,,10359925.0,,,,,,
Portugal,2013,,,,,,,10287156.0,,,,,,
Portugal,2014,,,,,,,10251571.0,,,,,,
Portugal,2015,,,,,,,10243553.0,,,,,,
Portugal,2016,,,,,,,10256305.0,,,,,,
Portugal,2017,,,,,,,10230373.0,,,,,,
Portugal,2018,,,,,,,10216102.0,,,,,,
Portugal,2019,,,,,,,10260818.0,,,,,,
Romania,1989,,,,,,,23030524.0,,,,,,
Romania,1992,,,,,,,22337156.0,,,,,,
Romania,1994,,,,,,,14882701.0,,,,,,
Romania,1995,,,,,,,20927683.0,,,,,,
Romania,1997,,,,,,,20525237.0,,,,,,
Romania,1998,,20498026.0,,,,,,,,,,,
Romania,1999,,,17470510.0,,,,,,,,,,
Romania,2000,,16919151.0,,,,,,,,,,,
Romania,2001,,,17862654.0,,,,,,,,,,
Romania,2002,,,17634225.0,,,,,,,,,,
Romania,2003,,,18225485.0,,,,,,,,,,
Romania,2004,,,18791201.0,,,,,,,,,,
Romania,2005,,,19260539.0,,,,,,,,,,
Romania,2006,,,19127716.0,,,,,,,,,,
Romania,2007,,,19362734.0,,,,,,,,,,
Romania,2008,,,19730140.0,,,,,,,,,,
Romania,2009,,,19753725.0,,,,,,,,,,
Romania,2010,,,19475490.0,,,,,,,,,,
Romania,2011,,,19446593.0,,,,,,,,,,
Romania,2012,,,19408191.0,,,,,,,,,,
Romania,2013,,,19331429.0,,,,,,,,,,
Romania,2014,,,,,,,,,,17394424.0,,,
Romania,2015,,,,,,,,,,17643021.0,,,
Romania,2016,,,19306194.0,,,,,,,,,,
Romania,2017,,,,,,,,,,18356219.0,,,
Romania,2018,,,19298497.0,,,,,,,,,,
Romania,2019,,,,,,,,,,18581734.0,,,
Russia,1993,128905051.0,,,,,,,,,,,,
Russia,1996,128034806.0,,,,,,,,,,,,
Russia,1997,,136732097.0,,,,,,,,,,,
Russia,1998,,132501890.0,,,,,,,,,,,
Russia,1999,,122460432.0,,,,,,,,,,,
Russia,2000,,127459482.0,,,,,,,,,,,
Russia,2001,,132926042.0,,,,,,,,,,,
Russia,2002,,135653258.0,,,,,,,,,,,
Russia,2003,,135150644.0,,,,,,,,,,,
Russia,2004,,135979351.0,,,,,,,,,,,
Russia,2005,,137088050.0,,,,,,,,,,,
Russia,2006,,138371912.0,,,,,,,,,,,
Russia,2007,,139895052.0,,,,,,,,,,,
Russia,2008,,141451339.0,,,,,,,,,,,
Russia,2009,,141550302.0,,,,,,,,,,,
Russia,2010,,141768696.0,,,,,,,,,,,
Russia,2011,,142194044.0,,,,,,,,,,,
Russia,2012,,142450288.0,,,,,,,,,,,
Russia,2013,,142893351.0,,,,,,,,,,,
Russia,2014,,143345714.0,,,,,,,,,,,
Russia,2015,,143493308.0,,,,,,,,,,,
Russia,2016,,143811580.0,,,,,,,,,,,
Russia,2017,,143909041.0,,,,,,,,,,,
Russia,2018,,143971714.0,,,,,,,,,,,
Russia,2019,,144014630.0,,,,,,,,,,,
Russia,2020,,143675002.0,,,,,,,,,,,
Rwanda,2000,,742278.0,,,,,,,,,,,
Rwanda,2005,,1270099.0,,,,,,,,,,,
Rwanda,2010,,1608824.0,,,,,,,,,,,
Rwanda,2013,,1957716.0,,,,,,,,,,,
Rwanda,2016,,2303963.0,,,,,,,,,,,
Rwanda - rural,1984,550982.0,,,,,,,,,,,,
Saint Lucia,1995,,,,,,,55551.0,,,,,,
Saint Lucia,2016,,,,,,,,161656.0,,,,,
Samoa,2002,155477.0,,,,,,,,,,,,
Samoa,2008,165659.0,,,,,,,,,,,,
Samoa,2013,172338.0,,,,,,,,,,,,
Sao Tome and Principe,2000,47792.0,,,,,,,,,,,,
Sao Tome and Principe,2010,,50533.0,,,,,,,,,,,
Sao Tome and Principe,2017,,,89118.0,,,,,,,,,,
Senegal,1991,1198830.0,,,,,,,,,,,,
Senegal,1994,,1410116.0,,,,,,,,,,,
Senegal,2001,,,2307948.0,,,,,,,,,,
Senegal,2005,,,,3577231.0,,,,,,,,,
Senegal,2011,,,,4117608.0,,,,,,,,,
Senegal,2018,,,,,10459324.0,,,,,,,,
Serbia,2002,7417204.0,,,,,,,,,,,,
Serbia,2003,,7349609.0,,,,,,,,,,,
Serbia,2004,,7247111.0,,,,,,,,,,,
Serbia,2005,,7171962.0,,,,,,,,,,,
Serbia,2006,,7275154.0,,,,,,,,,,,
Serbia,2007,,7284683.0,,,,,,,,,,,
Serbia,2008,,7284192.0,,,,,,,,,,,
Serbia,2009,,7215017.0,,,,,,,,,,,
Serbia,2010,,7147881.0,,,,,,,,,,,
Serbia,2012,,,,,,,,,6481276.0,,,,
Serbia,2013,,7061250.0,,,,,,,,,,,
Serbia,2014,,,,,,,,,6259688.0,,,,
Serbia,2015,,7034052.0,,,,,,,,,,,
Serbia,2016,,,,,,,,,6289455.0,,,,
Serbia,2017,,,,,,,,,6392972.0,,,,
Serbia,2018,,6935013.0,,,,,,,,,,,
Serbia,2019,,6868877.0,,,,,,,,,,,
Seychelles,1999,77996.0,,,,,,,,,,,,
Seychelles,2006,,82881.0,,,,,,,,,,,
Seychelles,2013,,,,,,,,,87132.0,,,,
Seychelles,2018,,,,,,,,,95730.0,,,,
Sierra Leone,1989,589499.0,,,,,,,,,,,,
Sierra Leone,2003,,580043.0,,,,,,,,,,,
Sierra Leone,2011,,1144574.0,,,,,,,,,,,
Sierra Leone,2018,,1838754.0,,,,,,,,,,,
Slovakia,1992,,,,,,,5305016.0,,,,,,
Slovakia,1996,,,,,,,5252714.0,,,,,,
Slovakia,2004,,5346601.0,,,,,,,,,,,
Slovakia,2005,,5360072.0,,,,,,,,,,,
Slovakia,2006,,5370786.0,,,,,,,,,,,
Slovakia,2007,,5371478.0,,,,,,,,,,,
Slovakia,2008,,5376202.0,,,,,,,,,,,
Slovakia,2009,,5386406.0,,,,,,,,,,,
Slovakia,2010,,,,,,,,,5347532.0,,,,
Slovakia,2011,,,,,,,,,5359702.0,,,,
Slovakia,2012,,,,,,,,,5367304.0,,,,
Slovakia,2013,,,,,,,,,5371226.0,,,,
Slovakia,2014,,,,,,,,,5355385.0,,,,
Slovakia,2015,,,,,,,,,5369642.0,,,,
Slovakia,2016,,,,,,,,,5334503.0,,,,
Slovakia,2017,,,,,,,,,5388713.0,,,,
Slovakia,2018,,,,,,,,,5392362.0,,,,
Slovakia,2019,,,,,,,,,5432374.0,,,,
Slovenia,1987,,,,,,,1989213.0,,,,,,
Slovenia,1993,,,,,,,1989724.0,,,,,,
Slovenia,1997,,,,,,,,1981359.0,,,,,
Slovenia,1998,,,1980343.0,,,,,,,,,,
Slovenia,1999,,,,,,,,1978143.0,,,,,
Slovenia,2002,,,1991851.0,,,,,,,,,,
Slovenia,2003,,,1995733.0,,,,,,,,,,
Slovenia,2004,,,,,,,,,,1993734.0,,,
Slovenia,2005,,,,,,,,,,1996962.0,,,
Slovenia,2006,,,,,,,,,,2004992.0,,,
Slovenia,2007,,,,,,,,,,2016432.0,,,
Slovenia,2008,,,,,,,,,,2021316.0,,,
Slovenia,2009,,,,,,,,,,2039342.0,,,
Slovenia,2010,,,,,,,,,,2048395.0,,,
Slovenia,2011,,,,,,,,,,2052379.0,,,
Slovenia,2012,,,,,,,,,,2056197.0,,,
Slovenia,2013,,,,,,,,,,2058909.0,,,
Slovenia,2014,,,,,,,,,,2061002.0,,,
Slovenia,2015,,,,,,,,,,2063431.0,,,
Slovenia,2016,,,,,,,,,,2065042.0,,,
Slovenia,2017,,,,,,,,,,2066388.0,,,
Slovenia,2018,,,,,,,,,,2073894.0,,,
Slovenia,2019,,,,,,,,,,2088059.0,,,
Solomon Islands,2005,126917.0,,,,,,,,,,,,
Solomon Islands,2012,,233126.0,,,,,,,,,,,
Somalia,2017,1613950.0,,,,,,,,,,,,
South Africa,1993,19875397.0,,,,,,,,,,,,
South Africa,2000,,,21060781.0,,,,,,,,,,
South Africa,2005,,,,24727842.0,,,,,,,,,
South Africa,2008,,,,31460829.0,,,,,,,,,
South Africa,2010,,,,32996502.0,,,,,,,,,
South Africa,2014,,,,34194717.0,,,,,,,,,
South Korea,2006,,,,,,,48199878.0,,,,,,
South Korea,2008,,,,,,,48821434.0,,,,,,
South Korea,2010,,,,,,,49183494.0,,,,,,
South Korea,2012,,,,,,,49950382.0,,,,,,
South Korea,2014,,,,,,,50493823.0,,,,,,
South Korea,2016,,,,,,,51101710.0,,,,,,
South Sudan,2009,3004786.0,,,,,,,,,,,,
South Sudan,2016,,900534.0,,,,,,,,,,,
Spain,1980,,,,,,,36838450.0,,,,,,
Spain,1985,,,,,,,37913128.0,,,,,,
Spain,1990,,,,,,,38481444.0,,,,,,
Spain,1995,,,,,,,,39029592.0,,,,,
Spain,2000,,,,,,,,40271669.0,,,,,
Spain,2003,,,,,,,,,41682779.0,,,,
Spain,2004,,,,,,,,,42371429.0,,,,
Spain,2005,,,,,,,,,43176074.0,,,,
Spain,2006,,,,,,,,,43894328.0,,,,
Spain,2007,,,,,,,,,44908063.0,,,,
Spain,2008,,,,,,,,,45539024.0,,,,
Spain,2009,,,,,,,,,45855465.0,,,,
Spain,2010,,,,,,,,,46080512.0,,,,
Spain,2011,,,,,,,,,45969128.0,,,,
Spain,2012,,,,,,,,,46024237.0,,,,
Spain,2013,,,,,,,,,45810309.0,,,,
Spain,2014,,,,,,,,,45786330.0,,,,
Spain,2015,,,,,,,,,45741274.0,,,,
Spain,2016,,,,,,,,,45694913.0,,,,
Spain,2017,,,,,,,,,46075591.0,,,,
Spain,2018,,,,,,,,,46197961.0,,,,
Spain,2019,,,,,,,,,46569940.0,,,,
Sri Lanka,1985,8606154.0,,,,,,,,,,,,
Sri Lanka,1990,,9618627.0,,,,,,,,,,,
Sri Lanka,1995,,,10449726.0,,,,,,,,,,
Sri Lanka,2002,,,,11863145.0,,,,,,,,,
Sri Lanka,2006,,,,14632483.0,,,,,,,,,
Sri Lanka,2009,,,,16117878.0,,,,,,,,,
Sri Lanka,2012,,,,17113589.0,,,,,,,,,
Sri Lanka,2016,,,,18870699.0,,,,,,,,,
Sudan,2009,19572281.0,,,,,,,,,,,,
Sudan,2014,,21273995.0,,,,,,,,,,,
Suriname - urban,1999,,,,,,,203122.0,,,,,,
Sweden,1967,,,,,,,7160599.0,,,,,,
Sweden,1975,,,,,,,,8151558.0,,,,,
Sweden,1981,,,,,,,,8278995.0,,,,,
Sweden,1987,,,,,,,,8377124.0,,,,,
Sweden,1992,,,,,,,,8646959.0,,,,,
Sweden,1995,,,,,,,,8782805.0,,,,,
Sweden,2000,,,,,,,,8872109.0,,,,,
Sweden,2003,,,,,,,,,8920169.0,,,,
Sweden,2004,,,,,,,,,8946651.0,,,,
Sweden,2005,,,,,,,,,8921634.0,,,,
Sweden,2006,,,,,,,,,9038126.0,,,,
Sweden,2007,,,,,,,,,9102491.0,,,,
Sweden,2008,,,,,,,,,9152866.0,,,,
Sweden,2009,,,,,,,,,9240741.0,,,,
Sweden,2010,,,,,,,,,9314681.0,,,,
Sweden,2011,,,,,,,,,9377521.0,,,,
Sweden,2012,,,,,,,,,9468395.0,,,,
Sweden,2013,,,,,,,,,9528048.0,,,,
Sweden,2014,,,,,,,,,9635425.0,,,,
Sweden,2015,,,,,,,,,9719945.0,,,,
Sweden,2016,,,,,,,,,9877016.0,,,,
Sweden,2017,,,,,,,,,10030995.0,,,,
Sweden,2018,,,,,,,,,10085379.0,,,,
Sweden,2019,,,,,,,,,10240035.0,,,,
Switzerland,1982,,,,,,,6346736.0,,,,,,
Switzerland,1992,,,,,,,,6825451.0,,,,,
Switzerland,2000,,,,,,,,,7166944.0,,,,
Switzerland,2002,,,,,,,,,7284753.0,,,,
Switzerland,2006,,,,,,,,,,7476068.0,,,
Switzerland,2007,,,,,,,,,,7544692.0,,,
Switzerland,2008,,,,,,,,,,7636518.0,,,
Switzerland,2009,,,,,,,,,,7734204.0,,,
Switzerland,2010,,,,,,,,,,7816318.0,,,
Switzerland,2011,,,,,,,,,,7911566.0,,,
Switzerland,2012,,,,,,,,,,7996144.0,,,
Switzerland,2013,,,,,,,,,,8085450.0,,,
Switzerland,2014,,,,,,,,,,8185966.0,,,
Switzerland,2015,,,,,,,,,,8279866.0,,,
Switzerland,2016,,,,,,,,,,8369084.0,,,
Switzerland,2017,,,,,,,,,,8449995.0,,,
Switzerland,2018,,,,,,,,,,8510959.0,,,
Syria,1996,12277165.0,,,,,,,,,,,,
Syria,2003,15635967.0,,,,,,,,,,,,
Taiwan,1981,,,,,,,17986366.0,,,,,,
Taiwan,1986,,,,,,,19363512.0,,,,,,
Taiwan,1991,,,,,,,20503313.0,,,,,,
Taiwan,1995,,,,,,,21152002.0,,,,,,
Taiwan,1997,,,,,,,21600151.0,,,,,,
Taiwan,2000,,,,,,,22172529.0,,,,,,
Taiwan,2005,,,,,,,22722559.0,,,,,,
Taiwan,2007,,,,,,,22901897.0,,,,,,
Taiwan,2010,,,,,,,23082616.0,,,,,,
Taiwan,2013,,,,,,,23286036.0,,,,,,
Taiwan,2016,,,,,,,23508362.0,,,,,,
Tajikistan,1999,918995.0,,,,,,,,,,,,
Tajikistan,2003,2403739.0,,,,,,,,,,,,
Tajikistan,2004,,3660891.0,,,,,,,,,,,
Tajikistan,2007,4862672.0,,,,,,,,,,,,
Tajikistan,2009,5711444.0,,,,,,,,,,,,
Tajikistan,2015,6950061.0,,,,,,,,,,,,
Tanzania,1991,2231327.0,,,,,,,,,,,,
Tanzania,2000,,1237437.0,,,,,,,,,,,
Tanzania,2007,,6594355.0,,,,,,,,,,,
Tanzania,2011,,9380806.0,,,,,,,,,,,
Tanzania,2018,,13067290.0,,,,,,,,,,,
Thailand,1981,27640037.0,,,,,,,,,,,,
Thailand,1988,33148503.0,,,,,,,,,,,,
Thailand,1990,,36243558.0,,,,,,,,,,,
Thailand,1992,,41182130.0,,,,,,,,,,,
Thailand,1994,,47593893.0,,,,,,,,,,,
Thailand,1996,,51117859.0,,,,,,,,,,,
Thailand,1998,,52761727.0,,,,,,,,,,,
Thailand,1999,,51046452.0,,,,,,,,,,,
Thailand,2000,,,51442577.0,,,,,,,,,,
Thailand,2002,,,56505854.0,,,,,,,,,,
Thailand,2004,,,59319834.0,,,,,,,,,,
Thailand,2006,,,61821766.0,,,,,,,,,,
Thailand,2007,,,63348757.0,,,,,,,,,,
Thailand,2008,,,64296435.0,,,,,,,,,,
Thailand,2009,,,64913836.0,,,,,,,,,,
Thailand,2010,,,65594082.0,,,,,,,,,,
Thailand,2011,,,66630790.0,,,,,,,,,,
Thailand,2012,,,66878792.0,,,,,,,,,,
Thailand,2013,,,67407780.0,,,,,,,,,,
Thailand,2014,,,,67847174.0,,,,,,,,,
Thailand,2015,,,,68387096.0,,,,,,,,,
Thailand,2016,,,,68589818.0,,,,,,,,,
Thailand,2017,,,,68903840.0,,,,,,,,,
Thailand,2018,,,,69062032.0,,,,,,,,,
Thailand,2019,,,,69382810.0,,,,,,,,,
Thailand,2020,,,,69558652.0,,,,,,,,,
Timor,2001,271633.0,,,,,,,,,,,,
Timor,2007,234867.0,,,,,,,,,,,,
Timor,2014,400715.0,,,,,,,,,,,,
Togo,2006,1247682.0,,,,,,,,,,,,
Togo,2011,1588169.0,,,,,,,,,,,,
Togo,2015,1888853.0,,,,,,,,,,,,
Togo,2018,,3800518.0,,,,,,,,,,,
Tonga,2000,90267.0,,,,,,,,,,,,
Tonga,2009,,94692.0,,,,,,,,,,,
Tonga,2015,,93233.0,,,,,,,,,,,
Trinidad and Tobago,1988,,,,,,,1109170.0,,,,,,
Trinidad and Tobago,1992,,,,,,,,1082007.0,,,,,
Tunisia,1985,4548607.0,,,,,,,,,,,,
Tunisia,1990,5726774.0,,,,,,,,,,,,
Tunisia,1995,,6232163.0,,,,,,,,,,,
Tunisia,2000,,7483387.0,,,,,,,,,,,
Tunisia,2005,,,8569108.0,,,,,,,,,,
Tunisia,2010,,,9658215.0,,,,,,,,,,
Tunisia,2015,,,10840978.0,,,,,,,,,,
Turkey,1987,44360228.0,,,,,,,,,,,,
Turkey,1994,49366748.0,,,,,,,,,,,,
Turkey,2002,,57311526.0,,,,,,,,,,,
Turkey,2003,,56538196.0,,,,,,,,,,,
Turkey,2004,,60515876.0,,,,,,,,,,,
Turkey,2005,,61501792.0,,,,,,,,,,,
Turkey,2006,,63348464.0,,,,,,,,,,,
Turkey,2007,,65154122.0,,,,,,,,,,,
Turkey,2008,,66577495.0,,,,,,,,,,,
Turkey,2009,,68011716.0,,,,,,,,,,,
Turkey,2010,,69232007.0,,,,,,,,,,,
Turkey,2011,,70487583.0,,,,,,,,,,,
Turkey,2012,,72300405.0,,,,,,,,,,,
Turkey,2013,,73884987.0,,,,,,,,,,,
Turkey,2014,,75613049.0,,,,,,,,,,,
Turkey,2015,,76658381.0,,,,,,,,,,,
Turkey,2016,,78541333.0,,,,,,,,,,,
Turkey,2017,,79919349.0,,,,,,,,,,,
Turkey,2018,,81213952.0,,,,,,,,,,,
Turkey,2019,,81610002.0,,,,,,,,,,,
Turkmenistan,1998,1086266.0,,,,,,,,,,,,
Tuvalu,2010,8672.0,,,,,,,,,,,,
Uganda,1989,3190552.0,,,,,,,,,,,,
Uganda,1992,,2383996.0,,,,,,,,,,,
Uganda,1996,,2902427.0,,,,,,,,,,,
Uganda,1999,,2887978.0,,,,,,,,,,,
Uganda,2002,,,3717086.0,,,,,,,,,,
Uganda,2005,,,5468682.0,,,,,,,,,,
Uganda,2009,,,8326513.0,,,,,,,,,,
Uganda,2012,,,11283749.0,,,,,,,,,,
Uganda,2016,,,12034041.0,,,,,,,,,,
Uganda,2019,,,13046802.0,,,,,,,,,,
Ukraine,1992,46110113.0,,,,,,,,,,,,
Ukraine,1993,47995847.0,,,,,,,,,,,,
Ukraine,1995,,41876078.0,,,,,,,,,,,
Ukraine,1996,,,40427988.0,,,,,,,,,,
Ukraine,1999,,,,,,,,,,32694010.0,,,
Ukraine,2002,,,,,43248730.0,,,,,,,,
Ukraine,2003,,,,,44932233.0,,,,,,,,
Ukraine,2004,,,,,45163577.0,,,,,,,,
Ukraine,2005,,,,,46050498.0,,,,,,,,
Ukraine,2006,,,,,46143291.0,,,,,,,,
Ukraine,2007,,,,,46076134.0,,,,,,,,
Ukraine,2008,,,,,46099999.0,,,,,,,,
Ukraine,2009,,,,,45800844.0,,,,,,,,
Ukraine,2010,,,,,45759452.0,,,,,,,,
Ukraine,2011,,,,,45628842.0,,,,,,,,
Ukraine,2012,,,,,45509232.0,,,,,,,,
Ukraine,2013,,,,,45453087.0,,,,,,,,
Ukraine,2014,,,,,45219440.0,,,,,,,,
Ukraine,2015,,,,,44935677.0,,,,,,,,
Ukraine,2016,,,,,44811171.0,,,,,,,,
Ukraine,2017,,,,,44717457.0,,,,,,,,
Ukraine,2018,,,,,44462896.0,,,,,,,,
Ukraine,2019,,,,,44277541.0,,,,,,,,
Ukraine,2020,,,,,44099777.0,,,,,,,,
United Arab Emirates,2013,,,,,,,9197908.0,,,,,,
United Kingdom,1969,,,,,,,55166266.0,,,,,,
United Kingdom,1974,,,,,,,56096559.0,,,,,,
United Kingdom,1979,,,,,,,55966763.0,,,,,,
United Kingdom,1986,,,,,,,55981047.0,,,,,,
United Kingdom,1991,,,,,,,57138519.0,,,,,,
United Kingdom,1994,,,,,,,,57577332.0,,,,,
United Kingdom,1995,,,,,,,57734649.0,,,,,,
United Kingdom,1996,,,,,,,58023646.0,,,,,,
United Kingdom,1997,,,,,,,58172765.0,,,,,,
United Kingdom,1998,,,,,,,58343521.0,,,,,,
United Kingdom,1999,,,,,,,,58536621.0,,,,,
United Kingdom,2000,,,,,,,,58746371.0,,,,,
United Kingdom,2001,,,,,,,,58825073.0,,,,,
United Kingdom,2002,,,,,,,,59226239.0,,,,,
United Kingdom,2003,,,,,,,,59499667.0,,,,,
United Kingdom,2004,,,,,,,,,59630057.0,,,,
United Kingdom,2005,,,,,,,,,59946579.0,,,,
United Kingdom,2006,,,,,,,,,60619634.0,,,,
United Kingdom,2007,,,,,,,,,61001075.0,,,,
United Kingdom,2008,,,,,,,,,61480220.0,,,,
United Kingdom,2009,,,,,,,,,62108349.0,,,,
United Kingdom,2010,,,,,,,,,62564352.0,,,,
United Kingdom,2011,,,,,,,,,62945012.0,,,,
United Kingdom,2012,,,,,,,,,63542371.0,,,,
United Kingdom,2013,,,,,,,,,63982363.0,,,,
United Kingdom,2014,,,,,,,,,64411767.0,,,,
United Kingdom,2015,,,,,,,,,64910224.0,,,,
United Kingdom,2016,,,,,,,,,65392295.0,,,,
United Kingdom,2017,,,,,,,,,65749782.0,,,,
United States,1974,,,,,,,211715520.0,,,,,,
United States,1979,,,,,,,223367936.0,,,,,,
United States,1986,,,,,,,238333420.0,,,,,,
United States,1991,,,,,,,251085805.0,,,,,,
United States,1992,,,,,,,254590328.0,,,,,,
United States,1993,,,,,,,257973847.0,,,,,,
United States,1994,,,,,,,261160134.0,,,,,,
United States,1995,,,,,,,264286946.0,,,,,,
United States,1996,,,,,,,267377464.0,,,,,,
United States,1997,,,,,,,270614631.0,,,,,,
United States,1998,,,,,,,273096478.0,,,,,,
United States,1999,,,,,,,276952624.0,,,,,,
United States,2000,,,,,,,280047335.0,,,,,,
United States,2001,,,,,,,282124180.0,,,,,,
United States,2002,,,,,,,,284750353.0,,,,,
United States,2003,,,,,,,,286483662.0,,,,,
United States,2004,,,,,,,,289146901.0,,,,,
United States,2005,,,,,,,,291827675.0,,,,,
United States,2006,,,,,,,,294653952.0,,,,,
United States,2007,,,,,,,,297466393.0,,,,,
United States,2008,,,,,,,,300293781.0,,,,,
United States,2009,,,,,,,,303705697.0,,,,,
United States,2010,,,,,,,,305466550.0,,,,,
United States,2011,,,,,,,,307690551.0,,,,,
United States,2012,,,,,,,,309960852.0,,,,,
United States,2013,,,,,,,,312116060.0,,,,,
United States,2014,,,,,,,,313612838.0,,,,,
United States,2015,,,,,,,,316732361.0,,,,,
United States,2016,,,,,,,,319040033.0,,,,,
United States,2017,,,,,,,,320246326.0,,,,,
United States,2018,,,,,,,,322754230.0,,,,,
United States,2019,,,,,,,,325049377.0,,,,,
Uruguay,2006,,,,,,,,,,3203556.0,,,
Uruguay,2007,,,,,,,,,,3232691.0,,,
Uruguay,2008,,,,,,,,,,3278578.0,,,
Uruguay,2009,,,,,,,,,,3288875.0,,,
Uruguay,2010,,,,,,,,,,3314909.0,,,
Uruguay,2011,,,,,,,,,,3334660.0,,,
Uruguay,2012,,,,,,,,,,3341341.0,,,
Uruguay,2013,,,,,,,,,,3360616.0,,,
Uruguay,2014,,,,,,,,,,3377869.0,,,
Uruguay,2015,,,,,,,,,,3389277.0,,,
Uruguay,2016,,,,,,,,,,3404628.0,,,
Uruguay,2017,,,,,,,,,,3423994.0,,,
Uruguay,2018,,,,,,,,,,3436389.0,,,
Uruguay,2019,,,,,,,,,,3446069.0,,,
Uruguay,2020,,,,,,,,,,,3450769.0,,
Uruguay - urban,1981,,,,,,,2430762.0,,,,,,
Uruguay - urban,1989,,,,,,,,2659910.0,,,,,
Uruguay - urban,1992,,,,,,,,,2762806.0,,,,
Uruguay - urban,1995,,,,,,,,,2859344.0,,,,
Uruguay - urban,1996,,,,,,,,,2880703.0,,,,
Uruguay - urban,1997,,,,,,,,,2917308.0,,,,
Uruguay - urban,1998,,,,,,,,,2946260.0,,,,
Uruguay - urban,2000,,,,,,,,,2991026.0,,,,
Uruguay - urban,2001,,,,,,,,,2993514.0,,,,
Uruguay - urban,2002,,,,,,,,,2977619.0,,,,
Uruguay - urban,2003,,,,,,,,,2948956.0,,,,
Uruguay - urban,2004,,,,,,,,,2913121.0,,,,
Uruguay - urban,2005,,,,,,,,,2953539.0,,,,
Uzbekistan,1998,8338598.0,,,,,,,,,,,,
Uzbekistan,2000,3323494.0,,,,,,,,,,,,
Uzbekistan,2002,3634297.0,,,,,,,,,,,,
Uzbekistan,2003,3528897.0,,,,,,,,,,,,
Vanuatu,2010,143178.0,,,,,,,,,,,,
Vanuatu,2019,,203010.0,,,,,,,,,,,
Venezuela,1981,,,,,,,12891581.0,,,,,,
Venezuela,1987,,,,,,,14775505.0,,,,,,
Venezuela,1989,,,,,,,,17038888.0,,,,,
Venezuela,1992,,,,,,,,18366026.0,,,,,
Venezuela,1995,,,,,,,,17121367.0,,,,,
Venezuela,1998,,,,,,,,18248914.0,,,,,
Venezuela,1999,,,,,,,,17885901.0,,,,,
Venezuela,2001,,,,,,,,,19205912.0,,,,
Venezuela,2002,,,,,,,,,17345415.0,,,,
Venezuela,2003,,,,,,,,,16254011.0,,,,
Venezuela,2004,,,,,,,,,18023378.0,,,,
Venezuela,2005,,,,,,,,,19989099.0,,,,
Venezuela,2006,,,,,,,,,22998805.0,,,,
Vietnam,1992,14406246.0,,,,,,,,,,,,
Vietnam,1997,24168668.0,,,,,,,,,,,,
Vietnam,2002,,24384699.0,,,,,,,,,,,
Vietnam,2004,,33802300.0,,,,,,,,,,,
Vietnam,2006,,41813261.0,,,,,,,,,,,
Vietnam,2008,,46620346.0,,,,,,,,,,,
Vietnam,2010,,,73151969.0,,,,,,,,,,
Vietnam,2012,,,78152786.0,,,,,,,,,,
Vietnam,2014,,,81597362.0,,,,,,,,,,
Vietnam,2016,,,86321403.0,,,,,,,,,,
Vietnam,2018,,,89217095.0,,,,,,,,,,
Yemen,1998,12033200.0,,,,,,,,,,,,
Yemen,2005,,12533226.0,,,,,,,,,,,
Yemen,2014,,12601677.0,,,,,,,,,,,
Zambia,1991,2463027.0,,,,,,,,,,,,
Zambia,1993,,2139462.0,,,,,,,,,,,
Zambia,1996,,,3127989.0,,,,,,,,,,
Zambia,1998,,,,3255419.0,,,,,,,,,
Zambia,2002,,,,2399467.0,,,,,,,,,
Zambia,2004,,,,2718485.0,,,,,,,,,
Zambia,2006,,,,2567570.0,,,,,,,,,
Zambia,2010,,,,,2615711.0,,,,,,,,
Zambia,2015,,,,,3906094.0,,,,,,,,
Zimbabwe,2011,6814633.0,,,,,,,,,,,,
Zimbabwe,2017,5556733.0,,,,,,,,,,,,
Zimbabwe,2019,5299083.0,,,,,,,,,,,,
